clip_id,label,signer,filename,frames,n_frames,pose_rate,lh_rate,rh_rate,face_rate,any_hand_rate,both_hand_rate
baba__Britney_001,baba,Britney,Britney_001.mp4,18,18,1.0,0.2777777777777778,0.6111111111111112,1.0,0.6111111111111112,0.2777777777777778
baba__Britney_002,baba,Britney,Britney_002.mp4,26,26,1.0,0.19230769230769232,0.8076923076923077,1.0,0.8076923076923077,0.19230769230769232
baba__Britney_003,baba,Britney,Britney_003.mp4,41,41,1.0,0.34146341463414637,0.4634146341463415,1.0,0.4634146341463415,0.34146341463414637
baba__Britney_004,baba,Britney,Britney_004.mp4,19,19,1.0,0.0,0.3684210526315789,1.0,0.3684210526315789,0.0
baba__Britney_005,baba,Britney,Britney_005.mp4,24,24,1.0,0.16666666666666666,0.8333333333333334,1.0,0.8333333333333334,0.16666666666666666
baba__Britney_006,baba,Britney,Britney_006.mp4,20,20,1.0,0.7,0.6,1.0,0.7,0.6
baba__Britney_007,baba,Britney,Britney_007.mp4,22,22,1.0,0.6363636363636364,0.5,1.0,0.6363636363636364,0.5
baba__Britney_008,baba,Britney,Britney_008.mp4,36,36,1.0,0.3333333333333333,0.4444444444444444,1.0,0.4444444444444444,0.3333333333333333
baba__Britney_009,baba,Britney,Britney_009.mp4,23,23,1.0,0.17391304347826086,0.30434782608695654,1.0,0.30434782608695654,0.17391304347826086
baba__Britney_010,baba,Britney,Britney_010.mp4,21,21,1.0,0.42857142857142855,0.5714285714285714,1.0,0.5714285714285714,0.42857142857142855
baba__Britney_011,baba,Britney,Britney_011.mp4,25,25,1.0,0.28,0.32,1.0,0.32,0.28
baba__Britney_012,baba,Britney,Britney_012.mp4,29,29,1.0,0.13793103448275862,0.3103448275862069,1.0,0.3103448275862069,0.13793103448275862
baba__Britney_013,baba,Britney,Britney_013.mp4,22,22,1.0,0.2727272727272727,0.3181818181818182,1.0,0.3181818181818182,0.2727272727272727
baba__Britney_014,baba,Britney,Britney_014.mp4,18,18,1.0,0.7222222222222222,0.5555555555555556,1.0,0.7222222222222222,0.5555555555555556
baba__Britney_015,baba,Britney,Britney_015.mp4,20,20,1.0,0.7,0.25,1.0,0.7,0.25
baba__Britney_016,baba,Britney,Britney_016.mp4,21,21,1.0,0.6666666666666666,0.7619047619047619,1.0,0.7619047619047619,0.6666666666666666
baba__Britney_017,baba,Britney,Britney_017.mp4,23,23,1.0,0.7391304347826086,0.5652173913043478,1.0,0.7391304347826086,0.5652173913043478
baba__Britney_018,baba,Britney,Britney_018.mp4,21,21,1.0,0.8095238095238095,0.5714285714285714,1.0,0.8095238095238095,0.5714285714285714
baba__Britney_019,baba,Britney,Britney_019.mp4,22,22,1.0,0.7272727272727273,0.3181818181818182,1.0,0.7272727272727273,0.3181818181818182
baba__Britney_020,baba,Britney,Britney_020.mp4,24,24,1.0,0.625,0.4166666666666667,1.0,0.625,0.4166666666666667
baba__Britney_021,baba,Britney,Britney_021.mp4,26,26,1.0,0.9230769230769231,0.4230769230769231,1.0,0.9230769230769231,0.4230769230769231
baba__Britney_022,baba,Britney,Britney_022.mp4,21,21,1.0,0.47619047619047616,0.6190476190476191,1.0,0.6190476190476191,0.47619047619047616
baba__Britney_023,baba,Britney,Britney_023.mp4,25,25,1.0,0.64,0.6,1.0,0.64,0.6
baba__Britney_024,baba,Britney,Britney_024.mp4,19,19,1.0,0.6842105263157895,0.5789473684210527,1.0,0.6842105263157895,0.5789473684210527
baba__Britney_025,baba,Britney,Britney_025.mp4,22,22,1.0,0.7727272727272727,0.7272727272727273,1.0,0.7727272727272727,0.7272727272727273
baba__Britney_026,baba,Britney,Britney_026.mp4,26,26,1.0,0.9615384615384616,0.7307692307692307,1.0,0.9615384615384616,0.7307692307692307
baba__Britney_027,baba,Britney,Britney_027.mp4,27,27,1.0,0.48148148148148145,0.48148148148148145,1.0,0.48148148148148145,0.48148148148148145
baba__Britney_028,baba,Britney,Britney_028.mp4,21,21,1.0,0.6190476190476191,0.8571428571428571,1.0,0.8571428571428571,0.6190476190476191
baba__Britney_029,baba,Britney,Britney_029.mp4,17,17,1.0,0.8823529411764706,0.7058823529411765,1.0,0.8823529411764706,0.7058823529411765
baba__Britney_030,baba,Britney,Britney_030.mp4,24,24,1.0,0.5416666666666666,0.5,1.0,0.5416666666666666,0.5
baba__Britney_031,baba,Britney,Britney_031.mp4,28,28,1.0,0.6428571428571429,0.6071428571428571,1.0,0.6428571428571429,0.6071428571428571
baba__Britney_032,baba,Britney,Britney_032.mp4,25,25,1.0,0.32,0.88,1.0,0.88,0.32
baba__Britney_033,baba,Britney,Britney_033.mp4,26,26,1.0,0.6923076923076923,0.5384615384615384,1.0,0.6923076923076923,0.5384615384615384
baba__Britney_034,baba,Britney,Britney_034.mp4,28,28,1.0,0.32142857142857145,0.5357142857142857,1.0,0.5357142857142857,0.32142857142857145
baba__Britney_035,baba,Britney,Britney_035.mp4,27,27,1.0,0.5925925925925926,0.7037037037037037,1.0,0.7037037037037037,0.5925925925925926
baba__Britney_036,baba,Britney,Britney_036.mp4,38,38,1.0,0.34210526315789475,0.7105263157894737,1.0,0.7105263157894737,0.34210526315789475
baba__Britney_037,baba,Britney,Britney_037.mp4,22,22,1.0,0.7272727272727273,0.5454545454545454,1.0,0.7272727272727273,0.5454545454545454
baba__Britney_038,baba,Britney,Britney_038.mp4,23,23,1.0,0.5652173913043478,0.5652173913043478,1.0,0.5652173913043478,0.5652173913043478
baba__Britney_039,baba,Britney,Britney_039.mp4,29,29,1.0,0.5862068965517241,0.5172413793103449,1.0,0.5862068965517241,0.5172413793103449
baba__Britney_040,baba,Britney,Britney_040.mp4,21,21,1.0,0.7142857142857143,0.6666666666666666,1.0,0.7142857142857143,0.6666666666666666
baba__Britney_041,baba,Britney,Britney_041.mp4,23,23,1.0,0.8695652173913043,0.8695652173913043,1.0,0.8695652173913043,0.8695652173913043
baba__Britney_042,baba,Britney,Britney_042.mp4,16,16,1.0,0.875,0.75,1.0,0.875,0.75
baba__Britney_043,baba,Britney,Britney_043.mp4,21,21,1.0,0.9047619047619048,0.5238095238095238,1.0,0.9047619047619048,0.5238095238095238
baba__Britney_044,baba,Britney,Britney_044.mp4,18,18,1.0,0.8888888888888888,0.5555555555555556,1.0,0.8888888888888888,0.5555555555555556
baba__Britney_045,baba,Britney,Britney_045.mp4,24,24,1.0,0.9583333333333334,0.3333333333333333,1.0,0.9583333333333334,0.3333333333333333
baba__Britney_046,baba,Britney,Britney_046.mp4,35,35,1.0,0.7714285714285715,0.6,1.0,0.7714285714285715,0.6
baba__Britney_047,baba,Britney,Britney_047.mp4,26,26,1.0,1.0,0.6538461538461539,1.0,1.0,0.6538461538461539
baba__Britney_048,baba,Britney,Britney_048.mp4,25,25,1.0,0.96,0.84,1.0,0.96,0.84
baba__Britney_049,baba,Britney,Britney_049.mp4,22,22,1.0,0.5909090909090909,0.5909090909090909,1.0,0.5909090909090909,0.5909090909090909
baba__Britney_050,baba,Britney,Britney_050.mp4,22,22,1.0,0.7272727272727273,0.8181818181818182,1.0,0.8181818181818182,0.7272727272727273
baba__Britney_051,baba,Britney,Britney_051.mp4,35,35,1.0,0.8571428571428571,0.6571428571428571,1.0,0.8571428571428571,0.6571428571428571
baba__Britney_052,baba,Britney,Britney_052.mp4,17,17,1.0,0.9411764705882353,0.47058823529411764,1.0,0.9411764705882353,0.47058823529411764
baba__Britney_053,baba,Britney,Britney_053.mp4,18,18,1.0,0.6111111111111112,0.5555555555555556,1.0,0.6111111111111112,0.5555555555555556
baba__Britney_054,baba,Britney,Britney_054.mp4,16,16,1.0,0.1875,0.25,1.0,0.25,0.1875
baba__Britney_055,baba,Britney,Britney_055.mp4,18,18,1.0,0.16666666666666666,0.3333333333333333,1.0,0.3333333333333333,0.16666666666666666
baba__Britney_056,baba,Britney,Britney_056.mp4,20,20,1.0,0.65,0.45,1.0,0.65,0.45
baba__Britney_057,baba,Britney,Britney_057.mp4,24,24,1.0,0.7916666666666666,0.5,1.0,0.7916666666666666,0.5
baba__Britney_058,baba,Britney,Britney_058.mp4,25,25,1.0,0.64,0.68,1.0,0.68,0.64
baba__Britney_059,baba,Britney,Britney_059.mp4,25,25,1.0,0.72,0.92,1.0,0.92,0.72
baba__Britney_060,baba,Britney,Britney_060.mp4,25,25,1.0,0.96,0.72,1.0,0.96,0.72
baba__Grace_001,baba,Grace,Grace_001.mp4,21,21,1.0,0.42857142857142855,0.38095238095238093,1.0,0.42857142857142855,0.38095238095238093
baba__Grace_002,baba,Grace,Grace_002.mp4,23,23,1.0,0.5652173913043478,0.2608695652173913,1.0,0.5652173913043478,0.2608695652173913
baba__Grace_003,baba,Grace,Grace_003.mp4,17,17,1.0,0.17647058823529413,0.11764705882352941,1.0,0.17647058823529413,0.11764705882352941
baba__Grace_004,baba,Grace,Grace_004.mp4,22,22,1.0,0.36363636363636365,0.18181818181818182,1.0,0.36363636363636365,0.18181818181818182
baba__Grace_005,baba,Grace,Grace_005.mp4,25,25,1.0,0.32,0.12,1.0,0.32,0.12
baba__Grace_006,baba,Grace,Grace_006.mp4,25,25,1.0,0.08,0.36,1.0,0.36,0.08
baba__Grace_007,baba,Grace,Grace_007.mp4,28,28,1.0,0.0,0.10714285714285714,1.0,0.10714285714285714,0.0
baba__Grace_008,baba,Grace,Grace_008.mp4,19,19,1.0,0.631578947368421,0.10526315789473684,1.0,0.631578947368421,0.10526315789473684
baba__Grace_009,baba,Grace,Grace_009.mp4,23,23,1.0,0.08695652173913043,0.08695652173913043,1.0,0.08695652173913043,0.08695652173913043
baba__Grace_010,baba,Grace,Grace_010.mp4,16,16,1.0,0.25,0.375,1.0,0.375,0.25
baba__Grace_011,baba,Grace,Grace_011.mp4,31,31,1.0,0.25806451612903225,0.12903225806451613,1.0,0.25806451612903225,0.12903225806451613
baba__Grace_012,baba,Grace,Grace_012.mp4,23,23,1.0,0.5652173913043478,0.2608695652173913,1.0,0.5652173913043478,0.2608695652173913
baba__Grace_014,baba,Grace,Grace_014.mp4,17,17,1.0,0.0,0.35294117647058826,1.0,0.35294117647058826,0.0
baba__Grace_015,baba,Grace,Grace_015.mp4,22,22,1.0,0.45454545454545453,0.3181818181818182,1.0,0.45454545454545453,0.3181818181818182
baba__Grace_016,baba,Grace,Grace_016.mp4,41,41,1.0,0.24390243902439024,0.0975609756097561,1.0,0.24390243902439024,0.0975609756097561
baba__Grace_017,baba,Grace,Grace_017.mp4,35,35,1.0,0.4857142857142857,0.22857142857142856,1.0,0.4857142857142857,0.22857142857142856
baba__Grace_018,baba,Grace,Grace_018.mp4,26,26,1.0,0.038461538461538464,0.3076923076923077,1.0,0.3076923076923077,0.038461538461538464
baba__Grace_019,baba,Grace,Grace_019.mp4,23,23,1.0,0.5652173913043478,0.5217391304347826,1.0,0.5652173913043478,0.5217391304347826
baba__Grace_020,baba,Grace,Grace_020.mp4,28,28,1.0,0.0,0.6785714285714286,1.0,0.6785714285714286,0.0
baba__Grace_021,baba,Grace,Grace_021.mp4,21,21,1.0,0.047619047619047616,0.38095238095238093,1.0,0.38095238095238093,0.047619047619047616
baba__Grace_022,baba,Grace,Grace_022.mp4,37,37,1.0,0.43243243243243246,0.32432432432432434,1.0,0.43243243243243246,0.32432432432432434
baba__Grace_023,baba,Grace,Grace_023.mp4,29,29,1.0,0.7586206896551724,0.13793103448275862,1.0,0.7586206896551724,0.13793103448275862
baba__Grace_024,baba,Grace,Grace_024.mp4,33,33,1.0,0.5454545454545454,0.15151515151515152,1.0,0.5454545454545454,0.15151515151515152
baba__Grace_025,baba,Grace,Grace_025.mp4,30,30,1.0,0.0,0.2,1.0,0.2,0.0
baba__Grace_026,baba,Grace,Grace_026.mp4,48,48,1.0,0.75,0.20833333333333334,1.0,0.75,0.20833333333333334
baba__Grace_027,baba,Grace,Grace_027.mp4,37,37,1.0,0.918918918918919,0.2702702702702703,1.0,0.918918918918919,0.2702702702702703
baba__Grace_028,baba,Grace,Grace_028.mp4,20,20,1.0,0.0,0.25,1.0,0.25,0.0
baba__Grace_029,baba,Grace,Grace_029.mp4,30,30,1.0,0.4,0.3,1.0,0.4,0.3
baba__Grace_030,baba,Grace,Grace_030.mp4,30,30,1.0,0.5,0.03333333333333333,1.0,0.5,0.03333333333333333
baba__Grace_031,baba,Grace,Grace_031.mp4,24,24,1.0,0.3333333333333333,0.16666666666666666,1.0,0.3333333333333333,0.16666666666666666
baba__Grace_032,baba,Grace,Grace_032.mp4,31,31,1.0,0.3225806451612903,0.3548387096774194,1.0,0.3548387096774194,0.3225806451612903
baba__Grace_033,baba,Grace,Grace_033.mp4,34,34,1.0,0.4411764705882353,0.14705882352941177,1.0,0.4411764705882353,0.14705882352941177
baba__Grace_034,baba,Grace,Grace_034.mp4,34,34,1.0,0.9117647058823529,0.5,1.0,0.9117647058823529,0.5
baba__Grace_035,baba,Grace,Grace_035.mp4,31,31,1.0,0.41935483870967744,0.1935483870967742,1.0,0.41935483870967744,0.1935483870967742
baba__Grace_036,baba,Grace,Grace_036.mp4,36,36,1.0,0.4722222222222222,0.16666666666666666,1.0,0.4722222222222222,0.16666666666666666
baba__Grace_037,baba,Grace,Grace_037.mp4,32,32,1.0,0.53125,0.03125,1.0,0.53125,0.03125
baba__Grace_038,baba,Grace,Grace_038.mp4,27,27,1.0,0.6296296296296297,0.2222222222222222,1.0,0.6296296296296297,0.2222222222222222
baba__Grace_039,baba,Grace,Grace_039.mp4,21,21,1.0,0.8571428571428571,0.047619047619047616,1.0,0.8571428571428571,0.047619047619047616
baba__Grace_040,baba,Grace,Grace_040.mp4,32,32,1.0,0.53125,0.0625,1.0,0.53125,0.0625
baba__Grace_041,baba,Grace,Grace_041.mp4,24,24,1.0,0.08333333333333333,0.16666666666666666,1.0,0.16666666666666666,0.08333333333333333
baba__Grace_042,baba,Grace,Grace_042.mp4,33,33,1.0,0.06060606060606061,0.42424242424242425,1.0,0.42424242424242425,0.06060606060606061
baba__Grace_043,baba,Grace,Grace_043.mp4,32,32,1.0,0.59375,0.1875,1.0,0.59375,0.1875
baba__Grace_044,baba,Grace,Grace_044.mp4,24,24,1.0,0.08333333333333333,0.08333333333333333,1.0,0.08333333333333333,0.08333333333333333
baba__Grace_045,baba,Grace,Grace_045.mp4,29,29,1.0,0.5862068965517241,0.06896551724137931,1.0,0.5862068965517241,0.06896551724137931
baba__Grace_046,baba,Grace,Grace_046.mp4,38,38,1.0,0.42105263157894735,0.18421052631578946,1.0,0.42105263157894735,0.18421052631578946
baba__Grace_047,baba,Grace,Grace_047.mp4,25,25,1.0,0.52,0.32,1.0,0.52,0.32
baba__Grace_048,baba,Grace,Grace_048.mp4,33,33,1.0,0.0,0.12121212121212122,1.0,0.12121212121212122,0.0
baba__Grace_049,baba,Grace,Grace_049.mp4,26,26,1.0,0.38461538461538464,0.2692307692307692,1.0,0.38461538461538464,0.2692307692307692
baba__Grace_050,baba,Grace,Grace_050.mp4,25,25,1.0,0.6,0.28,1.0,0.6,0.28
baba__Grace_051,baba,Grace,Grace_051.mp4,24,24,1.0,0.5833333333333334,0.4166666666666667,1.0,0.5833333333333334,0.4166666666666667
baba__Grace_052,baba,Grace,Grace_052.mp4,30,30,1.0,0.6666666666666666,0.3333333333333333,1.0,0.6666666666666666,0.3333333333333333
baba__Grace_053,baba,Grace,Grace_053.mp4,26,26,1.0,0.3076923076923077,0.3076923076923077,1.0,0.3076923076923077,0.3076923076923077
baba__Grace_054,baba,Grace,Grace_054.mp4,34,34,1.0,0.4117647058823529,0.20588235294117646,1.0,0.4117647058823529,0.20588235294117646
baba__Grace_055,baba,Grace,Grace_055.mp4,19,19,1.0,0.47368421052631576,0.2631578947368421,1.0,0.47368421052631576,0.2631578947368421
baba__Grace_056,baba,Grace,Grace_056.mp4,32,32,1.0,0.90625,0.0625,1.0,0.90625,0.0625
baba__Grace_057,baba,Grace,Grace_057.mp4,29,29,1.0,0.10344827586206896,0.06896551724137931,1.0,0.10344827586206896,0.06896551724137931
baba__Grace_058,baba,Grace,Grace_058.mp4,28,28,1.0,0.17857142857142858,0.10714285714285714,1.0,0.17857142857142858,0.10714285714285714
baba__Grace_059,baba,Grace,Grace_059.mp4,22,22,1.0,0.18181818181818182,0.2727272727272727,1.0,0.2727272727272727,0.18181818181818182
baba__Grace_060,baba,Grace,Grace_060.mp4,32,32,1.0,0.3125,0.125,1.0,0.3125,0.125
baba__Grace_061,baba,Grace,Grace_061.mp4,20,20,1.0,0.45,0.55,1.0,0.55,0.45
habari__Britney_001,habari,Britney,Britney_001.mp4,25,25,1.0,0.0,0.04,1.0,0.04,0.0
habari__Britney_002,habari,Britney,Britney_002.mp4,17,17,1.0,0.0,0.29411764705882354,1.0,0.29411764705882354,0.0
habari__Britney_003,habari,Britney,Britney_003.mp4,24,24,1.0,0.0,0.25,1.0,0.25,0.0
habari__Britney_004,habari,Britney,Britney_004.mp4,25,25,1.0,0.0,0.16,1.0,0.16,0.0
habari__Britney_005,habari,Britney,Britney_005.mp4,28,28,1.0,0.0,0.17857142857142858,1.0,0.17857142857142858,0.0
habari__Britney_006,habari,Britney,Britney_006.mp4,29,29,1.0,0.0,0.10344827586206896,1.0,0.10344827586206896,0.0
habari__Britney_007,habari,Britney,Britney_007.mp4,35,35,1.0,0.0,0.3142857142857143,1.0,0.3142857142857143,0.0
habari__Britney_008,habari,Britney,Britney_008.mp4,36,36,1.0,0.027777777777777776,0.19444444444444445,1.0,0.19444444444444445,0.027777777777777776
habari__Britney_009,habari,Britney,Britney_009.mp4,28,28,1.0,0.0,0.25,1.0,0.25,0.0
habari__Britney_010,habari,Britney,Britney_010.mp4,28,28,1.0,0.0,0.2857142857142857,1.0,0.2857142857142857,0.0
habari__Britney_011,habari,Britney,Britney_011.mp4,19,19,1.0,0.0,0.3684210526315789,1.0,0.3684210526315789,0.0
habari__Britney_012,habari,Britney,Britney_012.mp4,36,36,1.0,0.027777777777777776,0.25,1.0,0.25,0.027777777777777776
habari__Britney_013,habari,Britney,Britney_013.mp4,27,27,1.0,0.0,0.4074074074074074,1.0,0.4074074074074074,0.0
habari__Britney_014,habari,Britney,Britney_014.mp4,34,34,1.0,0.029411764705882353,0.2647058823529412,1.0,0.2647058823529412,0.029411764705882353
habari__Britney_015,habari,Britney,Britney_015.mp4,31,31,1.0,0.03225806451612903,0.25806451612903225,1.0,0.25806451612903225,0.03225806451612903
habari__Britney_016,habari,Britney,Britney_016.mp4,29,29,1.0,0.0,0.2413793103448276,1.0,0.2413793103448276,0.0
habari__Britney_017,habari,Britney,Britney_017.mp4,31,31,1.0,0.0,0.2903225806451613,1.0,0.2903225806451613,0.0
habari__Britney_018,habari,Britney,Britney_018.mp4,24,24,1.0,0.0,0.3333333333333333,1.0,0.3333333333333333,0.0
habari__Britney_019,habari,Britney,Britney_019.mp4,32,32,1.0,0.0,0.34375,1.0,0.34375,0.0
habari__Britney_020,habari,Britney,Britney_020.mp4,50,50,1.0,0.0,0.24,1.0,0.24,0.0
habari__Britney_021,habari,Britney,Britney_021.mp4,30,30,1.0,0.03333333333333333,0.26666666666666666,1.0,0.26666666666666666,0.03333333333333333
habari__Britney_022,habari,Britney,Britney_022.mp4,34,34,1.0,0.058823529411764705,0.2647058823529412,1.0,0.2647058823529412,0.058823529411764705
habari__Britney_023,habari,Britney,Britney_023.mp4,31,31,1.0,0.0967741935483871,0.41935483870967744,1.0,0.41935483870967744,0.0967741935483871
habari__Britney_024,habari,Britney,Britney_024.mp4,35,35,1.0,0.0,0.17142857142857143,1.0,0.17142857142857143,0.0
habari__Britney_025,habari,Britney,Britney_025.mp4,34,34,1.0,0.058823529411764705,0.08823529411764706,1.0,0.08823529411764706,0.058823529411764705
habari__Britney_026,habari,Britney,Britney_026.mp4,33,33,1.0,0.06060606060606061,0.2727272727272727,1.0,0.2727272727272727,0.06060606060606061
habari__Britney_027,habari,Britney,Britney_027.mp4,29,29,1.0,0.0,0.034482758620689655,1.0,0.034482758620689655,0.0
habari__Britney_028,habari,Britney,Britney_028.mp4,33,33,1.0,0.0,0.09090909090909091,1.0,0.09090909090909091,0.0
habari__Britney_029,habari,Britney,Britney_029.mp4,35,35,1.0,0.0,0.2857142857142857,1.0,0.2857142857142857,0.0
habari__Britney_030,habari,Britney,Britney_030.mp4,36,36,1.0,0.0,0.25,1.0,0.25,0.0
habari__Britney_031,habari,Britney,Britney_031.mp4,25,25,1.0,0.0,0.32,1.0,0.32,0.0
habari__Britney_032,habari,Britney,Britney_032.mp4,32,32,1.0,0.0,0.25,1.0,0.25,0.0
habari__Britney_033,habari,Britney,Britney_033.mp4,35,35,1.0,0.0,0.2571428571428571,1.0,0.2571428571428571,0.0
habari__Britney_034,habari,Britney,Britney_034.mp4,29,29,1.0,0.0,0.27586206896551724,1.0,0.27586206896551724,0.0
habari__Britney_035,habari,Britney,Britney_035.mp4,33,33,1.0,0.0,0.21212121212121213,1.0,0.21212121212121213,0.0
habari__Britney_036,habari,Britney,Britney_036.mp4,36,36,1.0,0.0,0.25,1.0,0.25,0.0
habari__Britney_037,habari,Britney,Britney_037.mp4,31,31,1.0,0.0,0.22580645161290322,1.0,0.22580645161290322,0.0
habari__Britney_038,habari,Britney,Britney_038.mp4,34,34,1.0,0.0,0.2647058823529412,1.0,0.2647058823529412,0.0
habari__Britney_039,habari,Britney,Britney_039.mp4,40,40,1.0,0.0,0.225,1.0,0.225,0.0
habari__Britney_041,habari,Britney,Britney_041.mp4,40,40,1.0,0.15,0.65,1.0,0.65,0.15
habari__Britney_042,habari,Britney,Britney_042.mp4,28,28,1.0,0.10714285714285714,0.42857142857142855,1.0,0.42857142857142855,0.10714285714285714
habari__Britney_043,habari,Britney,Britney_043.mp4,23,23,1.0,0.43478260869565216,0.43478260869565216,1.0,0.43478260869565216,0.43478260869565216
habari__Britney_044,habari,Britney,Britney_044.mp4,26,26,1.0,0.8461538461538461,0.8846153846153846,0.9615384615384616,0.8846153846153846,0.8461538461538461
habari__Britney_045,habari,Britney,Britney_045.mp4,16,16,1.0,0.375,0.5,1.0,0.5,0.375
habari__Britney_046,habari,Britney,Britney_046.mp4,20,20,1.0,0.7,0.8,1.0,0.8,0.7
habari__Britney_047,habari,Britney,Britney_047.mp4,26,26,1.0,0.5,0.9230769230769231,1.0,0.9230769230769231,0.5
habari__Britney_048,habari,Britney,Britney_048.mp4,25,25,1.0,0.56,0.92,1.0,0.92,0.56
habari__Britney_049,habari,Britney,Britney_049.mp4,29,29,1.0,0.4482758620689655,0.896551724137931,1.0,0.896551724137931,0.4482758620689655
habari__Britney_050,habari,Britney,Britney_050.mp4,24,24,1.0,0.5,0.8333333333333334,1.0,0.8333333333333334,0.5
habari__Britney_051,habari,Britney,Britney_051.mp4,28,28,1.0,0.25,0.7142857142857143,1.0,0.7142857142857143,0.25
habari__Britney_052,habari,Britney,Britney_052.mp4,23,23,1.0,0.43478260869565216,0.8260869565217391,1.0,0.8260869565217391,0.43478260869565216
habari__Britney_053,habari,Britney,Britney_053.mp4,26,26,1.0,0.4230769230769231,0.8461538461538461,1.0,0.8461538461538461,0.4230769230769231
habari__Britney_054,habari,Britney,Britney_054.mp4,26,26,1.0,0.38461538461538464,0.8076923076923077,1.0,0.8076923076923077,0.38461538461538464
habari__Britney_055,habari,Britney,Britney_055.mp4,23,23,1.0,0.43478260869565216,0.6521739130434783,1.0,0.6521739130434783,0.43478260869565216
habari__Britney_056,habari,Britney,Britney_056.mp4,24,24,1.0,0.4166666666666667,0.7916666666666666,1.0,0.7916666666666666,0.4166666666666667
habari__Britney_057,habari,Britney,Britney_057.mp4,17,17,1.0,0.47058823529411764,0.7058823529411765,1.0,0.7058823529411765,0.47058823529411764
habari__Britney_058,habari,Britney,Britney_058.mp4,25,25,1.0,0.36,0.84,1.0,0.84,0.36
habari__Britney_059,habari,Britney,Britney_059.mp4,26,26,1.0,0.5,0.7692307692307693,1.0,0.7692307692307693,0.5
habari__Britney_060,habari,Britney,Britney_060.mp4,25,25,1.0,0.52,0.76,1.0,0.76,0.52
habari__Grace_001,habari,Grace,Grace_001.mp4,64,64,1.0,0.015625,0.015625,1.0,0.015625,0.015625
habari__Grace_002,habari,Grace,Grace_002.mp4,24,24,1.0,0.041666666666666664,0.20833333333333334,1.0,0.20833333333333334,0.041666666666666664
habari__Grace_003,habari,Grace,Grace_003.mp4,29,29,1.0,0.0,0.034482758620689655,1.0,0.034482758620689655,0.0
habari__Grace_004,habari,Grace,Grace_004.mp4,59,59,1.0,0.1016949152542373,0.0,1.0,0.1016949152542373,0.0
habari__Grace_005,habari,Grace,Grace_005.mp4,34,34,1.0,0.0,0.0,1.0,0.0,0.0
habari__Grace_006,habari,Grace,Grace_006.mp4,32,32,1.0,0.03125,0.0,1.0,0.03125,0.0
habari__Grace_007,habari,Grace,Grace_007.mp4,29,29,1.0,0.0,0.06896551724137931,1.0,0.06896551724137931,0.0
habari__Grace_008,habari,Grace,Grace_008.mp4,31,31,1.0,0.03225806451612903,0.0,1.0,0.03225806451612903,0.0
habari__Grace_009,habari,Grace,Grace_009.mp4,24,24,1.0,0.08333333333333333,0.0,1.0,0.08333333333333333,0.0
habari__Grace_010,habari,Grace,Grace_010.mp4,28,28,1.0,0.07142857142857142,0.03571428571428571,1.0,0.07142857142857142,0.03571428571428571
habari__Grace_011,habari,Grace,Grace_011.mp4,24,24,1.0,0.08333333333333333,0.0,1.0,0.08333333333333333,0.0
habari__Grace_012,habari,Grace,Grace_012.mp4,27,27,1.0,0.037037037037037035,0.0,1.0,0.037037037037037035,0.0
habari__Grace_014,habari,Grace,Grace_014.mp4,28,28,1.0,0.0,0.0,1.0,0.0,0.0
habari__Grace_015,habari,Grace,Grace_015.mp4,28,28,1.0,0.0,0.0,1.0,0.0,0.0
habari__Grace_016,habari,Grace,Grace_016.mp4,23,23,1.0,0.0,0.13043478260869565,1.0,0.13043478260869565,0.0
habari__Grace_017,habari,Grace,Grace_017.mp4,21,21,1.0,0.0,0.0,1.0,0.0,0.0
habari__Grace_018,habari,Grace,Grace_018.mp4,25,25,1.0,0.0,0.16,1.0,0.16,0.0
habari__Grace_019,habari,Grace,Grace_019.mp4,32,32,1.0,0.03125,0.03125,1.0,0.03125,0.03125
habari__Grace_020,habari,Grace,Grace_020.mp4,20,20,1.0,0.0,0.05,1.0,0.05,0.0
habari__Grace_021,habari,Grace,Grace_021.mp4,26,26,1.0,0.0,0.11538461538461539,1.0,0.11538461538461539,0.0
habari__Grace_022,habari,Grace,Grace_022.mp4,45,45,1.0,0.0,0.0,1.0,0.0,0.0
habari__Grace_023,habari,Grace,Grace_023.mp4,26,26,1.0,0.0,0.19230769230769232,1.0,0.19230769230769232,0.0
habari__Grace_024,habari,Grace,Grace_024.mp4,31,31,1.0,0.0,0.16129032258064516,1.0,0.16129032258064516,0.0
habari__Grace_025,habari,Grace,Grace_025.mp4,26,26,1.0,0.0,0.19230769230769232,1.0,0.19230769230769232,0.0
habari__Grace_026,habari,Grace,Grace_026.mp4,31,31,1.0,0.0,0.0967741935483871,1.0,0.0967741935483871,0.0
habari__Grace_027,habari,Grace,Grace_027.mp4,45,45,1.0,0.0,0.022222222222222223,0.9111111111111111,0.022222222222222223,0.0
habari__Grace_028,habari,Grace,Grace_028.mp4,36,36,1.0,0.027777777777777776,0.027777777777777776,1.0,0.027777777777777776,0.027777777777777776
habari__Grace_029,habari,Grace,Grace_029.mp4,20,20,1.0,0.0,0.2,1.0,0.2,0.0
habari__Grace_030,habari,Grace,Grace_030.mp4,21,21,1.0,0.0,0.09523809523809523,1.0,0.09523809523809523,0.0
habari__Grace_031,habari,Grace,Grace_031.mp4,20,20,1.0,0.0,0.05,1.0,0.05,0.0
habari__Grace_032,habari,Grace,Grace_032.mp4,23,23,1.0,0.0,0.17391304347826086,1.0,0.17391304347826086,0.0
habari__Grace_033,habari,Grace,Grace_033.mp4,23,23,1.0,0.0,0.2608695652173913,1.0,0.2608695652173913,0.0
habari__Grace_034,habari,Grace,Grace_034.mp4,20,20,1.0,0.1,0.15,1.0,0.15,0.1
habari__Grace_035,habari,Grace,Grace_035.mp4,26,26,1.0,0.038461538461538464,0.11538461538461539,1.0,0.11538461538461539,0.038461538461538464
habari__Grace_036,habari,Grace,Grace_036.mp4,16,16,1.0,0.0,0.1875,1.0,0.1875,0.0
habari__Grace_037,habari,Grace,Grace_037.mp4,23,23,1.0,0.0,0.043478260869565216,1.0,0.043478260869565216,0.0
habari__Grace_038,habari,Grace,Grace_038.mp4,25,25,1.0,0.0,0.16,1.0,0.16,0.0
habari__Grace_039,habari,Grace,Grace_039.mp4,23,23,1.0,0.0,0.08695652173913043,1.0,0.08695652173913043,0.0
habari__Grace_040,habari,Grace,Grace_040.mp4,26,26,1.0,0.0,0.0,1.0,0.0,0.0
habari__Grace_041,habari,Grace,Grace_041.mp4,39,39,1.0,0.0,0.05128205128205128,1.0,0.05128205128205128,0.0
habari__Grace_042,habari,Grace,Grace_042.mp4,31,31,1.0,0.0,0.0,1.0,0.0,0.0
habari__Grace_043,habari,Grace,Grace_043.mp4,31,31,1.0,0.0,0.03225806451612903,1.0,0.03225806451612903,0.0
habari__Grace_044,habari,Grace,Grace_044.mp4,34,34,1.0,0.0,0.058823529411764705,1.0,0.058823529411764705,0.0
habari__Grace_045,habari,Grace,Grace_045.mp4,30,30,1.0,0.0,0.03333333333333333,1.0,0.03333333333333333,0.0
habari__Grace_046,habari,Grace,Grace_046.mp4,29,29,1.0,0.0,0.034482758620689655,1.0,0.034482758620689655,0.0
habari__Grace_047,habari,Grace,Grace_047.mp4,51,51,1.0,0.0392156862745098,0.0196078431372549,1.0,0.0392156862745098,0.0196078431372549
habari__Grace_048,habari,Grace,Grace_048.mp4,24,24,1.0,0.041666666666666664,0.041666666666666664,1.0,0.041666666666666664,0.041666666666666664
habari__Grace_049,habari,Grace,Grace_049.mp4,24,24,1.0,0.0,0.08333333333333333,1.0,0.08333333333333333,0.0
habari__Grace_050,habari,Grace,Grace_050.mp4,20,20,1.0,0.0,0.1,1.0,0.1,0.0
habari__Grace_051,habari,Grace,Grace_051.mp4,16,16,1.0,0.0,0.0625,1.0,0.0625,0.0
habari__Grace_052,habari,Grace,Grace_052.mp4,19,19,1.0,0.0,0.05263157894736842,1.0,0.05263157894736842,0.0
habari__Grace_053,habari,Grace,Grace_053.mp4,34,34,1.0,0.0,0.029411764705882353,1.0,0.029411764705882353,0.0
habari__Grace_054,habari,Grace,Grace_054.mp4,28,28,1.0,0.0,0.03571428571428571,1.0,0.03571428571428571,0.0
habari__Grace_055,habari,Grace,Grace_055.mp4,38,38,1.0,0.0,0.02631578947368421,1.0,0.02631578947368421,0.0
habari__Grace_056,habari,Grace,Grace_056.mp4,19,19,1.0,0.0,0.05263157894736842,1.0,0.05263157894736842,0.0
habari__Grace_057,habari,Grace,Grace_057.mp4,16,16,1.0,0.0,0.125,1.0,0.125,0.0
habari__Grace_058,habari,Grace,Grace_058.mp4,34,34,1.0,0.0,0.0,1.0,0.0,0.0
habari__Grace_059,habari,Grace,Grace_059.mp4,29,29,1.0,0.0,0.034482758620689655,1.0,0.034482758620689655,0.0
habari__Grace_060,habari,Grace,Grace_060.mp4,27,27,1.0,0.0,0.07407407407407407,1.0,0.07407407407407407,0.0
habari__Grace_061,habari,Grace,Grace_061.mp4,27,27,1.0,0.0,0.037037037037037035,1.0,0.037037037037037035,0.0
hedhi__Britney_001,hedhi,Britney,Britney_001.mp4,41,41,1.0,0.0,0.0,0.975609756097561,0.0,0.0
hedhi__Britney_002,hedhi,Britney,Britney_002.mp4,38,38,1.0,0.0,0.02631578947368421,1.0,0.02631578947368421,0.0
hedhi__Britney_003,hedhi,Britney,Britney_003.mp4,24,24,1.0,0.0,0.041666666666666664,1.0,0.041666666666666664,0.0
hedhi__Britney_004,hedhi,Britney,Britney_004.mp4,23,23,1.0,0.0,0.17391304347826086,1.0,0.17391304347826086,0.0
hedhi__Britney_005,hedhi,Britney,Britney_005.mp4,34,34,1.0,0.0,0.029411764705882353,1.0,0.029411764705882353,0.0
hedhi__Britney_006,hedhi,Britney,Britney_006.mp4,45,45,1.0,0.0,0.022222222222222223,1.0,0.022222222222222223,0.0
hedhi__Britney_007,hedhi,Britney,Britney_007.mp4,39,39,1.0,0.0,0.05128205128205128,0.9743589743589743,0.05128205128205128,0.0
hedhi__Britney_008,hedhi,Britney,Britney_008.mp4,30,30,1.0,0.0,0.0,1.0,0.0,0.0
hedhi__Britney_009,hedhi,Britney,Britney_009.mp4,29,29,1.0,0.0,0.06896551724137931,1.0,0.06896551724137931,0.0
hedhi__Britney_010,hedhi,Britney,Britney_010.mp4,21,21,1.0,0.0,0.2857142857142857,1.0,0.2857142857142857,0.0
hedhi__Britney_011,hedhi,Britney,Britney_011.mp4,29,29,1.0,0.0,0.06896551724137931,1.0,0.06896551724137931,0.0
hedhi__Britney_012,hedhi,Britney,Britney_012.mp4,25,25,1.0,0.0,0.12,1.0,0.12,0.0
hedhi__Britney_013,hedhi,Britney,Britney_013.mp4,35,35,1.0,0.0,0.02857142857142857,1.0,0.02857142857142857,0.0
hedhi__Britney_014,hedhi,Britney,Britney_014.mp4,31,31,1.0,0.0,0.03225806451612903,1.0,0.03225806451612903,0.0
hedhi__Britney_015,hedhi,Britney,Britney_015.mp4,37,37,1.0,0.0,0.02702702702702703,1.0,0.02702702702702703,0.0
hedhi__Britney_017,hedhi,Britney,Britney_017.mp4,29,29,1.0,0.0,0.06896551724137931,1.0,0.06896551724137931,0.0
hedhi__Britney_018,hedhi,Britney,Britney_018.mp4,32,32,1.0,0.0,0.0,1.0,0.0,0.0
hedhi__Britney_019,hedhi,Britney,Britney_019.mp4,31,31,1.0,0.0,0.03225806451612903,1.0,0.03225806451612903,0.0
hedhi__Britney_020,hedhi,Britney,Britney_020.mp4,44,44,1.0,0.0,0.0,1.0,0.0,0.0
hedhi__Britney_021,hedhi,Britney,Britney_021.mp4,29,29,1.0,0.0,0.034482758620689655,1.0,0.034482758620689655,0.0
hedhi__Britney_022,hedhi,Britney,Britney_022.mp4,29,29,1.0,0.0,0.06896551724137931,1.0,0.06896551724137931,0.0
hedhi__Britney_023,hedhi,Britney,Britney_023.mp4,46,46,1.0,0.0,0.06521739130434782,1.0,0.06521739130434782,0.0
hedhi__Britney_024,hedhi,Britney,Britney_024.mp4,38,38,1.0,0.0,0.0,1.0,0.0,0.0
hedhi__Britney_025,hedhi,Britney,Britney_025.mp4,36,36,1.0,0.0,0.027777777777777776,1.0,0.027777777777777776,0.0
hedhi__Britney_026,hedhi,Britney,Britney_026.mp4,58,58,1.0,0.034482758620689655,0.1724137931034483,0.9827586206896551,0.1724137931034483,0.034482758620689655
hedhi__Britney_027,hedhi,Britney,Britney_027.mp4,39,39,1.0,0.0,0.05128205128205128,1.0,0.05128205128205128,0.0
hedhi__Britney_028,hedhi,Britney,Britney_028.mp4,30,30,1.0,0.0,0.06666666666666667,1.0,0.06666666666666667,0.0
hedhi__Britney_029,hedhi,Britney,Britney_029.mp4,33,33,1.0,0.0,0.0,0.9393939393939394,0.0,0.0
hedhi__Britney_030,hedhi,Britney,Britney_030.mp4,35,35,1.0,0.0,0.22857142857142856,1.0,0.22857142857142856,0.0
hedhi__Britney_031,hedhi,Britney,Britney_031.mp4,31,31,1.0,0.0,0.2903225806451613,1.0,0.2903225806451613,0.0
hedhi__Britney_032,hedhi,Britney,Britney_032.mp4,35,35,1.0,0.0,0.3142857142857143,1.0,0.3142857142857143,0.0
hedhi__Britney_033,hedhi,Britney,Britney_033.mp4,26,26,1.0,0.0,0.07692307692307693,1.0,0.07692307692307693,0.0
hedhi__Britney_034,hedhi,Britney,Britney_034.mp4,26,26,1.0,0.0,0.11538461538461539,1.0,0.11538461538461539,0.0
hedhi__Britney_035,hedhi,Britney,Britney_035.mp4,21,21,1.0,0.0,0.19047619047619047,1.0,0.19047619047619047,0.0
hedhi__Britney_036,hedhi,Britney,Britney_036.mp4,20,20,1.0,0.0,0.0,1.0,0.0,0.0
hedhi__Britney_037,hedhi,Britney,Britney_037.mp4,24,24,1.0,0.0,0.08333333333333333,1.0,0.08333333333333333,0.0
hedhi__Britney_038,hedhi,Britney,Britney_038.mp4,22,22,1.0,0.0,0.13636363636363635,0.9545454545454546,0.13636363636363635,0.0
hedhi__Britney_039,hedhi,Britney,Britney_039.mp4,30,30,1.0,0.0,0.13333333333333333,1.0,0.13333333333333333,0.0
hedhi__Britney_040,hedhi,Britney,Britney_040.mp4,36,36,1.0,0.0,0.3055555555555556,0.9444444444444444,0.3055555555555556,0.0
hedhi__Britney_041,hedhi,Britney,Britney_041.mp4,38,38,1.0,0.0,0.15789473684210525,1.0,0.15789473684210525,0.0
hedhi__Britney_042,hedhi,Britney,Britney_042.mp4,30,30,1.0,0.0,0.3,1.0,0.3,0.0
hedhi__Britney_043,hedhi,Britney,Britney_043.mp4,27,27,1.0,0.0,0.2222222222222222,1.0,0.2222222222222222,0.0
hedhi__Britney_044,hedhi,Britney,Britney_044.mp4,27,27,1.0,0.0,0.37037037037037035,1.0,0.37037037037037035,0.0
hedhi__Britney_045,hedhi,Britney,Britney_045.mp4,38,38,1.0,0.0,0.18421052631578946,1.0,0.18421052631578946,0.0
hedhi__Britney_046,hedhi,Britney,Britney_046.mp4,33,33,1.0,0.0,0.2727272727272727,1.0,0.2727272727272727,0.0
hedhi__Britney_047,hedhi,Britney,Britney_047.mp4,30,30,1.0,0.0,0.3333333333333333,1.0,0.3333333333333333,0.0
hedhi__Britney_048,hedhi,Britney,Britney_048.mp4,27,27,1.0,0.0,0.1111111111111111,1.0,0.1111111111111111,0.0
hedhi__Britney_049,hedhi,Britney,Britney_049.mp4,24,24,1.0,0.0,0.25,1.0,0.25,0.0
hedhi__Britney_050,hedhi,Britney,Britney_050.mp4,24,24,1.0,0.0,0.125,1.0,0.125,0.0
hedhi__Britney_051,hedhi,Britney,Britney_051.mp4,24,24,1.0,0.0,0.375,1.0,0.375,0.0
hedhi__Britney_052,hedhi,Britney,Britney_052.mp4,32,32,1.0,0.0,0.3125,1.0,0.3125,0.0
hedhi__Britney_053,hedhi,Britney,Britney_053.mp4,32,32,1.0,0.0,0.0625,1.0,0.0625,0.0
hedhi__Britney_054,hedhi,Britney,Britney_054.mp4,39,39,1.0,0.0,0.1282051282051282,1.0,0.1282051282051282,0.0
hedhi__Britney_055,hedhi,Britney,Britney_055.mp4,33,33,1.0,0.0,0.2727272727272727,1.0,0.2727272727272727,0.0
hedhi__Britney_056,hedhi,Britney,Britney_056.mp4,23,23,1.0,0.0,0.34782608695652173,1.0,0.34782608695652173,0.0
hedhi__Britney_057,hedhi,Britney,Britney_057.mp4,24,24,1.0,0.0,0.0,1.0,0.0,0.0
hedhi__Britney_058,hedhi,Britney,Britney_058.mp4,28,28,1.0,0.0,0.21428571428571427,1.0,0.21428571428571427,0.0
hedhi__Britney_059,hedhi,Britney,Britney_059.mp4,28,28,1.0,0.0,0.10714285714285714,1.0,0.10714285714285714,0.0
hedhi__Britney_060,hedhi,Britney,Britney_060.mp4,26,26,1.0,0.0,0.38461538461538464,1.0,0.38461538461538464,0.0
hedhi__Britney_061,hedhi,Britney,Britney_061.mp4,21,21,1.0,0.0,0.19047619047619047,1.0,0.19047619047619047,0.0
hedhi__Grace_001,hedhi,Grace,Grace_001.mp4,24,24,1.0,0.0,0.25,1.0,0.25,0.0
hedhi__Grace_002,hedhi,Grace,Grace_002.mp4,21,21,1.0,0.0,0.19047619047619047,1.0,0.19047619047619047,0.0
hedhi__Grace_003,hedhi,Grace,Grace_003.mp4,21,21,1.0,0.0,0.38095238095238093,1.0,0.38095238095238093,0.0
hedhi__Grace_004,hedhi,Grace,Grace_004.mp4,22,22,1.0,0.045454545454545456,0.09090909090909091,1.0,0.09090909090909091,0.045454545454545456
hedhi__Grace_005,hedhi,Grace,Grace_005.mp4,23,23,1.0,0.0,0.043478260869565216,1.0,0.043478260869565216,0.0
hedhi__Grace_006,hedhi,Grace,Grace_006.mp4,23,23,1.0,0.0,0.08695652173913043,1.0,0.08695652173913043,0.0
hedhi__Grace_007,hedhi,Grace,Grace_007.mp4,21,21,1.0,0.047619047619047616,0.23809523809523808,1.0,0.23809523809523808,0.047619047619047616
hedhi__Grace_008,hedhi,Grace,Grace_008.mp4,20,20,1.0,0.0,0.0,1.0,0.0,0.0
hedhi__Grace_009,hedhi,Grace,Grace_009.mp4,20,20,1.0,0.0,0.2,1.0,0.2,0.0
hedhi__Grace_010,hedhi,Grace,Grace_010.mp4,23,23,1.0,0.0,0.30434782608695654,1.0,0.30434782608695654,0.0
hedhi__Grace_011,hedhi,Grace,Grace_011.mp4,18,18,1.0,0.0,0.05555555555555555,1.0,0.05555555555555555,0.0
hedhi__Grace_012,hedhi,Grace,Grace_012.mp4,29,29,1.0,0.0,0.1724137931034483,1.0,0.1724137931034483,0.0
hedhi__Grace_013,hedhi,Grace,Grace_013.mp4,29,29,1.0,0.0,0.0,1.0,0.0,0.0
hedhi__Grace_014,hedhi,Grace,Grace_014.mp4,28,28,1.0,0.0,0.03571428571428571,1.0,0.03571428571428571,0.0
hedhi__Grace_015,hedhi,Grace,Grace_015.mp4,26,26,1.0,0.0,0.19230769230769232,1.0,0.19230769230769232,0.0
hedhi__Grace_016,hedhi,Grace,Grace_016.mp4,25,25,1.0,0.0,0.12,1.0,0.12,0.0
hedhi__Grace_017,hedhi,Grace,Grace_017.mp4,23,23,1.0,0.0,0.08695652173913043,1.0,0.08695652173913043,0.0
hedhi__Grace_018,hedhi,Grace,Grace_018.mp4,24,24,1.0,0.0,0.041666666666666664,1.0,0.041666666666666664,0.0
hedhi__Grace_019,hedhi,Grace,Grace_019.mp4,22,22,1.0,0.0,0.045454545454545456,1.0,0.045454545454545456,0.0
hedhi__Grace_020,hedhi,Grace,Grace_020.mp4,18,18,1.0,0.0,0.1111111111111111,1.0,0.1111111111111111,0.0
hedhi__Grace_021,hedhi,Grace,Grace_021.mp4,32,32,1.0,0.0,0.25,0.90625,0.25,0.0
hedhi__Grace_023,hedhi,Grace,Grace_023.mp4,23,23,1.0,0.0,0.0,1.0,0.0,0.0
hedhi__Grace_024,hedhi,Grace,Grace_024.mp4,22,22,1.0,0.0,0.045454545454545456,1.0,0.045454545454545456,0.0
hedhi__Grace_025,hedhi,Grace,Grace_025.mp4,23,23,1.0,0.0,0.043478260869565216,1.0,0.043478260869565216,0.0
hedhi__Grace_026,hedhi,Grace,Grace_026.mp4,22,22,1.0,0.0,0.045454545454545456,1.0,0.045454545454545456,0.0
hedhi__Grace_027,hedhi,Grace,Grace_027.mp4,25,25,1.0,0.0,0.08,1.0,0.08,0.0
hedhi__Grace_028,hedhi,Grace,Grace_028.mp4,31,31,1.0,0.0,0.03225806451612903,1.0,0.03225806451612903,0.0
hedhi__Grace_029,hedhi,Grace,Grace_029.mp4,28,28,1.0,0.0,0.0,1.0,0.0,0.0
hedhi__Grace_030,hedhi,Grace,Grace_030.mp4,28,28,1.0,0.0,0.03571428571428571,1.0,0.03571428571428571,0.0
hedhi__Grace_031,hedhi,Grace,Grace_031.mp4,22,22,1.0,0.0,0.22727272727272727,1.0,0.22727272727272727,0.0
hedhi__Grace_032,hedhi,Grace,Grace_032.mp4,22,22,1.0,0.0,0.045454545454545456,1.0,0.045454545454545456,0.0
hedhi__Grace_033,hedhi,Grace,Grace_033.mp4,35,35,1.0,0.05714285714285714,0.05714285714285714,1.0,0.05714285714285714,0.05714285714285714
hedhi__Grace_034,hedhi,Grace,Grace_034.mp4,26,26,1.0,0.0,0.15384615384615385,1.0,0.15384615384615385,0.0
hedhi__Grace_035,hedhi,Grace,Grace_035.mp4,30,30,1.0,0.0,0.0,1.0,0.0,0.0
hedhi__Grace_036,hedhi,Grace,Grace_036.mp4,26,26,1.0,0.0,0.07692307692307693,1.0,0.07692307692307693,0.0
hedhi__Grace_037,hedhi,Grace,Grace_037.mp4,40,40,1.0,0.0,0.025,1.0,0.025,0.0
hedhi__Grace_038,hedhi,Grace,Grace_038.mp4,35,35,1.0,0.0,0.0,1.0,0.0,0.0
hedhi__Grace_039,hedhi,Grace,Grace_039.mp4,27,27,1.0,0.0,0.2222222222222222,1.0,0.2222222222222222,0.0
hedhi__Grace_040,hedhi,Grace,Grace_040.mp4,25,25,1.0,0.0,0.0,1.0,0.0,0.0
hedhi__Grace_041,hedhi,Grace,Grace_041.mp4,23,23,1.0,0.0,0.2608695652173913,1.0,0.2608695652173913,0.0
hedhi__Grace_042,hedhi,Grace,Grace_042.mp4,31,31,1.0,0.03225806451612903,0.12903225806451613,1.0,0.12903225806451613,0.03225806451612903
hedhi__Grace_043,hedhi,Grace,Grace_043.mp4,46,46,1.0,0.0,0.0,1.0,0.0,0.0
hedhi__Grace_044,hedhi,Grace,Grace_044.mp4,24,24,1.0,0.0,0.0,1.0,0.0,0.0
hedhi__Grace_045,hedhi,Grace,Grace_045.mp4,30,30,1.0,0.36666666666666664,0.0,1.0,0.36666666666666664,0.0
hedhi__Grace_046,hedhi,Grace,Grace_046.mp4,29,29,1.0,0.0,0.0,1.0,0.0,0.0
hedhi__Grace_047,hedhi,Grace,Grace_047.mp4,28,28,1.0,0.0,0.0,1.0,0.0,0.0
hedhi__Grace_048,hedhi,Grace,Grace_048.mp4,31,31,1.0,0.06451612903225806,0.03225806451612903,1.0,0.06451612903225806,0.03225806451612903
hedhi__Grace_049,hedhi,Grace,Grace_049.mp4,31,31,1.0,0.0,0.03225806451612903,1.0,0.03225806451612903,0.0
hedhi__Grace_050,hedhi,Grace,Grace_050.mp4,28,28,1.0,0.0,0.21428571428571427,1.0,0.21428571428571427,0.0
hedhi__Grace_051,hedhi,Grace,Grace_051.mp4,19,19,1.0,0.0,0.0,1.0,0.0,0.0
hedhi__Grace_052,hedhi,Grace,Grace_052.mp4,22,22,1.0,0.0,0.0,1.0,0.0,0.0
hedhi__Grace_053,hedhi,Grace,Grace_053.mp4,26,26,1.0,0.0,0.11538461538461539,1.0,0.11538461538461539,0.0
hedhi__Grace_054,hedhi,Grace,Grace_054.mp4,22,22,1.0,0.0,0.0,1.0,0.0,0.0
hedhi__Grace_055,hedhi,Grace,Grace_055.mp4,25,25,1.0,0.0,0.04,1.0,0.04,0.0
hedhi__Grace_056,hedhi,Grace,Grace_056.mp4,21,21,1.0,0.0,0.047619047619047616,1.0,0.047619047619047616,0.0
hedhi__Grace_057,hedhi,Grace,Grace_057.mp4,19,19,1.0,0.0,0.0,1.0,0.0,0.0
hedhi__Grace_058,hedhi,Grace,Grace_058.mp4,24,24,1.0,0.041666666666666664,0.0,1.0,0.041666666666666664,0.0
hedhi__Grace_059,hedhi,Grace,Grace_059.mp4,34,34,1.0,0.0,0.0,1.0,0.0,0.0
hedhi__Grace_060,hedhi,Grace,Grace_060.mp4,25,25,1.0,0.0,0.04,1.0,0.04,0.0
hedhi__Grace_061,hedhi,Grace,Grace_061.mp4,31,31,1.0,0.0,0.03225806451612903,1.0,0.03225806451612903,0.0
kula__Britney_001,kula,Britney,Britney_001.mp4,23,23,1.0,0.0,0.0,0.9130434782608695,0.0,0.0
kula__Britney_002,kula,Britney,Britney_002.mp4,32,32,1.0,0.03125,0.0,0.9375,0.03125,0.0
kula__Britney_003,kula,Britney,Britney_003.mp4,21,21,1.0,0.0,0.0,1.0,0.0,0.0
kula__Britney_004,kula,Britney,Britney_004.mp4,19,19,1.0,0.0,0.0,1.0,0.0,0.0
kula__Britney_006,kula,Britney,Britney_006.mp4,19,19,1.0,0.0,0.0,1.0,0.0,0.0
kula__Britney_007,kula,Britney,Britney_007.mp4,26,26,1.0,0.0,0.0,1.0,0.0,0.0
kula__Britney_008,kula,Britney,Britney_008.mp4,17,17,1.0,0.0,0.0,1.0,0.0,0.0
kula__Britney_009,kula,Britney,Britney_009.mp4,15,15,1.0,0.0,0.0,1.0,0.0,0.0
kula__Britney_010,kula,Britney,Britney_010.mp4,21,21,1.0,0.0,0.0,1.0,0.0,0.0
kula__Britney_011,kula,Britney,Britney_011.mp4,17,17,1.0,0.0,0.0,1.0,0.0,0.0
kula__Britney_012,kula,Britney,Britney_012.mp4,18,18,1.0,0.0,0.0,1.0,0.0,0.0
kula__Britney_013,kula,Britney,Britney_013.mp4,20,20,1.0,0.0,0.0,1.0,0.0,0.0
kula__Britney_014,kula,Britney,Britney_014.mp4,18,18,1.0,0.0,0.0,1.0,0.0,0.0
kula__Britney_015,kula,Britney,Britney_015.mp4,20,20,1.0,0.0,0.0,1.0,0.0,0.0
kula__Britney_016,kula,Britney,Britney_016.mp4,15,15,1.0,0.0,0.06666666666666667,1.0,0.06666666666666667,0.0
kula__Britney_017,kula,Britney,Britney_017.mp4,17,17,1.0,0.0,0.0,1.0,0.0,0.0
kula__Britney_018,kula,Britney,Britney_018.mp4,15,15,1.0,0.06666666666666667,0.0,1.0,0.06666666666666667,0.0
kula__Britney_019,kula,Britney,Britney_019.mp4,17,17,1.0,0.0,0.0,1.0,0.0,0.0
kula__Britney_020,kula,Britney,Britney_020.mp4,15,15,1.0,0.0,0.06666666666666667,1.0,0.06666666666666667,0.0
kula__Britney_021,kula,Britney,Britney_021.mp4,21,21,1.0,0.0,0.047619047619047616,1.0,0.047619047619047616,0.0
kula__Britney_022,kula,Britney,Britney_022.mp4,21,21,1.0,0.0,0.0,1.0,0.0,0.0
kula__Britney_023,kula,Britney,Britney_023.mp4,15,15,1.0,0.0,0.0,0.8666666666666667,0.0,0.0
kula__Britney_024,kula,Britney,Britney_024.mp4,17,17,1.0,0.0,0.0,0.9411764705882353,0.0,0.0
kula__Britney_025,kula,Britney,Britney_025.mp4,27,27,1.0,0.0,0.0,0.9629629629629629,0.0,0.0
kula__Britney_026,kula,Britney,Britney_026.mp4,21,21,1.0,0.0,0.0,1.0,0.0,0.0
kula__Britney_027,kula,Britney,Britney_027.mp4,17,17,1.0,0.0,0.0,1.0,0.0,0.0
kula__Britney_028,kula,Britney,Britney_028.mp4,21,21,1.0,0.0,0.0,1.0,0.0,0.0
kula__Britney_029,kula,Britney,Britney_029.mp4,16,16,1.0,0.0,0.0,1.0,0.0,0.0
kula__Britney_030,kula,Britney,Britney_030.mp4,19,19,1.0,0.0,0.0,1.0,0.0,0.0
kula__Britney_031,kula,Britney,Britney_031.mp4,22,22,1.0,0.045454545454545456,0.045454545454545456,1.0,0.045454545454545456,0.045454545454545456
kula__Britney_032,kula,Britney,Britney_032.mp4,19,19,1.0,0.0,0.05263157894736842,1.0,0.05263157894736842,0.0
kula__Britney_033,kula,Britney,Britney_033.mp4,20,20,1.0,0.0,0.0,1.0,0.0,0.0
kula__Britney_034,kula,Britney,Britney_034.mp4,20,20,1.0,0.0,0.0,1.0,0.0,0.0
kula__Britney_035,kula,Britney,Britney_035.mp4,19,19,1.0,0.0,0.0,0.9473684210526315,0.0,0.0
kula__Britney_036,kula,Britney,Britney_036.mp4,22,22,1.0,0.0,0.0,1.0,0.0,0.0
kula__Britney_037,kula,Britney,Britney_037.mp4,22,22,1.0,0.0,0.0,1.0,0.0,0.0
kula__Britney_038,kula,Britney,Britney_038.mp4,18,18,1.0,0.0,0.0,1.0,0.0,0.0
kula__Britney_039,kula,Britney,Britney_039.mp4,20,20,1.0,0.0,0.0,1.0,0.0,0.0
kula__Britney_040,kula,Britney,Britney_040.mp4,19,19,1.0,0.0,0.0,1.0,0.0,0.0
kula__Britney_041,kula,Britney,Britney_041.mp4,18,18,1.0,0.0,0.0,1.0,0.0,0.0
kula__Britney_042,kula,Britney,Britney_042.mp4,18,18,1.0,0.0,0.0,1.0,0.0,0.0
kula__Britney_043,kula,Britney,Britney_043.mp4,16,16,1.0,0.0,0.0,1.0,0.0,0.0
kula__Britney_044,kula,Britney,Britney_044.mp4,17,17,1.0,0.058823529411764705,0.0,1.0,0.058823529411764705,0.0
kula__Britney_045,kula,Britney,Britney_045.mp4,17,17,1.0,0.0,0.0,1.0,0.0,0.0
kula__Britney_046,kula,Britney,Britney_046.mp4,19,19,1.0,0.0,0.0,1.0,0.0,0.0
kula__Britney_047,kula,Britney,Britney_047.mp4,16,16,1.0,0.0,0.0,1.0,0.0,0.0
kula__Britney_048,kula,Britney,Britney_048.mp4,16,16,1.0,0.0,0.0,1.0,0.0,0.0
kula__Britney_049,kula,Britney,Britney_049.mp4,15,15,1.0,0.0,0.0,1.0,0.0,0.0
kula__Britney_050,kula,Britney,Britney_050.mp4,20,20,1.0,0.0,0.0,1.0,0.0,0.0
kula__Britney_051,kula,Britney,Britney_051.mp4,16,16,1.0,0.0,0.0,1.0,0.0,0.0
kula__Britney_052,kula,Britney,Britney_052.mp4,15,15,1.0,0.0,0.0,1.0,0.0,0.0
kula__Britney_053,kula,Britney,Britney_053.mp4,15,15,1.0,0.0,0.0,1.0,0.0,0.0
kula__Britney_054,kula,Britney,Britney_054.mp4,16,16,1.0,0.0,0.0,1.0,0.0,0.0
kula__Britney_055,kula,Britney,Britney_055.mp4,20,20,1.0,0.0,0.0,1.0,0.0,0.0
kula__Britney_056,kula,Britney,Britney_056.mp4,18,18,1.0,0.0,0.0,1.0,0.0,0.0
kula__Britney_057,kula,Britney,Britney_057.mp4,21,21,1.0,0.0,0.047619047619047616,1.0,0.047619047619047616,0.0
kula__Britney_058,kula,Britney,Britney_058.mp4,35,35,1.0,0.0,0.0,1.0,0.0,0.0
kula__Britney_059,kula,Britney,Britney_059.mp4,20,20,1.0,0.0,0.0,1.0,0.0,0.0
kula__Britney_060,kula,Britney,Britney_060.mp4,16,16,1.0,0.0,0.0625,1.0,0.0625,0.0
kula__Britney_061,kula,Britney,Britney_061.mp4,19,19,1.0,0.0,0.0,1.0,0.0,0.0
kula__Grace_001,kula,Grace,Grace_001.mp4,16,16,1.0,0.0,0.0,1.0,0.0,0.0
kula__Grace_002,kula,Grace,Grace_002.mp4,15,15,1.0,0.0,0.0,1.0,0.0,0.0
kula__Grace_003,kula,Grace,Grace_003.mp4,19,19,1.0,0.0,0.0,1.0,0.0,0.0
kula__Grace_004,kula,Grace,Grace_004.mp4,18,18,1.0,0.0,0.05555555555555555,1.0,0.05555555555555555,0.0
kula__Grace_005,kula,Grace,Grace_005.mp4,16,16,1.0,0.0,0.0,1.0,0.0,0.0
kula__Grace_006,kula,Grace,Grace_006.mp4,17,17,1.0,0.0,0.0,1.0,0.0,0.0
kula__Grace_007,kula,Grace,Grace_007.mp4,25,25,1.0,0.32,0.0,1.0,0.32,0.0
kula__Grace_008,kula,Grace,Grace_008.mp4,22,22,1.0,0.4090909090909091,0.0,1.0,0.4090909090909091,0.0
kula__Grace_009,kula,Grace,Grace_009.mp4,23,23,1.0,0.08695652173913043,0.0,1.0,0.08695652173913043,0.0
kula__Grace_010,kula,Grace,Grace_010.mp4,19,19,1.0,0.05263157894736842,0.0,1.0,0.05263157894736842,0.0
kula__Grace_011,kula,Grace,Grace_011.mp4,19,19,1.0,0.0,0.0,1.0,0.0,0.0
kula__Grace_012,kula,Grace,Grace_012.mp4,19,19,1.0,0.0,0.0,1.0,0.0,0.0
kula__Grace_013,kula,Grace,Grace_013.mp4,16,16,1.0,0.0,0.0,1.0,0.0,0.0
kula__Grace_014,kula,Grace,Grace_014.mp4,20,20,1.0,0.0,0.05,0.9,0.05,0.0
kula__Grace_015,kula,Grace,Grace_015.mp4,17,17,1.0,0.0,0.0,1.0,0.0,0.0
kula__Grace_016,kula,Grace,Grace_016.mp4,17,17,1.0,0.0,0.058823529411764705,1.0,0.058823529411764705,0.0
kula__Grace_017,kula,Grace,Grace_017.mp4,20,20,1.0,0.0,0.0,0.95,0.0,0.0
kula__Grace_018,kula,Grace,Grace_018.mp4,22,22,1.0,0.0,0.0,1.0,0.0,0.0
kula__Grace_019,kula,Grace,Grace_019.mp4,17,17,1.0,0.0,0.0,1.0,0.0,0.0
kula__Grace_020,kula,Grace,Grace_020.mp4,26,26,1.0,0.15384615384615385,0.0,1.0,0.15384615384615385,0.0
kula__Grace_021,kula,Grace,Grace_021.mp4,19,19,1.0,0.0,0.0,0.9473684210526315,0.0,0.0
kula__Grace_022,kula,Grace,Grace_022.mp4,15,15,1.0,0.0,0.0,1.0,0.0,0.0
kula__Grace_023,kula,Grace,Grace_023.mp4,18,18,1.0,0.0,0.0,1.0,0.0,0.0
kula__Grace_024,kula,Grace,Grace_024.mp4,19,19,1.0,0.0,0.0,1.0,0.0,0.0
kula__Grace_025,kula,Grace,Grace_025.mp4,18,18,1.0,0.0,0.0,0.9444444444444444,0.0,0.0
kula__Grace_026,kula,Grace,Grace_026.mp4,21,21,1.0,0.047619047619047616,0.0,1.0,0.047619047619047616,0.0
kula__Grace_027,kula,Grace,Grace_027.mp4,21,21,1.0,0.0,0.0,1.0,0.0,0.0
kula__Grace_028,kula,Grace,Grace_028.mp4,22,22,1.0,0.0,0.0,1.0,0.0,0.0
kula__Grace_029,kula,Grace,Grace_029.mp4,22,22,1.0,0.0,0.0,1.0,0.0,0.0
kula__Grace_030,kula,Grace,Grace_030.mp4,22,22,1.0,0.0,0.0,1.0,0.0,0.0
kula__Grace_031,kula,Grace,Grace_031.mp4,20,20,1.0,0.0,0.0,1.0,0.0,0.0
kula__Grace_032,kula,Grace,Grace_032.mp4,17,17,1.0,0.0,0.0,0.9411764705882353,0.0,0.0
kula__Grace_033,kula,Grace,Grace_033.mp4,22,22,1.0,0.0,0.0,1.0,0.0,0.0
kula__Grace_034,kula,Grace,Grace_034.mp4,23,23,1.0,0.0,0.0,1.0,0.0,0.0
kula__Grace_035,kula,Grace,Grace_035.mp4,19,19,1.0,0.0,0.0,1.0,0.0,0.0
kula__Grace_036,kula,Grace,Grace_036.mp4,19,19,1.0,0.0,0.0,0.9473684210526315,0.0,0.0
kula__Grace_037,kula,Grace,Grace_037.mp4,23,23,1.0,0.0,0.0,1.0,0.0,0.0
kula__Grace_038,kula,Grace,Grace_038.mp4,23,23,1.0,0.0,0.0,1.0,0.0,0.0
kula__Grace_039,kula,Grace,Grace_039.mp4,20,20,1.0,0.15,0.0,1.0,0.15,0.0
kula__Grace_040,kula,Grace,Grace_040.mp4,26,26,1.0,0.4230769230769231,0.0,1.0,0.4230769230769231,0.0
kula__Grace_041,kula,Grace,Grace_041.mp4,28,28,1.0,0.0,0.0,1.0,0.0,0.0
kula__Grace_042,kula,Grace,Grace_042.mp4,21,21,1.0,0.0,0.0,1.0,0.0,0.0
kula__Grace_043,kula,Grace,Grace_043.mp4,24,24,1.0,0.0,0.0,0.875,0.0,0.0
kula__Grace_044,kula,Grace,Grace_044.mp4,24,24,1.0,0.0,0.0,1.0,0.0,0.0
kula__Grace_045,kula,Grace,Grace_045.mp4,23,23,1.0,0.0,0.0,1.0,0.0,0.0
kula__Grace_046,kula,Grace,Grace_046.mp4,21,21,1.0,0.0,0.0,1.0,0.0,0.0
kula__Grace_047,kula,Grace,Grace_047.mp4,19,19,1.0,0.0,0.0,1.0,0.0,0.0
kula__Grace_048,kula,Grace,Grace_048.mp4,24,24,1.0,0.0,0.0,1.0,0.0,0.0
kula__Grace_049,kula,Grace,Grace_049.mp4,25,25,1.0,0.0,0.0,1.0,0.0,0.0
kula__Grace_050,kula,Grace,Grace_050.mp4,26,26,1.0,0.0,0.0,1.0,0.0,0.0
kula__Grace_051,kula,Grace,Grace_051.mp4,23,23,1.0,0.0,0.0,1.0,0.0,0.0
kula__Grace_052,kula,Grace,Grace_052.mp4,22,22,1.0,0.0,0.0,0.9545454545454546,0.0,0.0
kula__Grace_053,kula,Grace,Grace_053.mp4,29,29,1.0,0.0,0.0,1.0,0.0,0.0
kula__Grace_054,kula,Grace,Grace_054.mp4,19,19,1.0,0.0,0.0,1.0,0.0,0.0
kula__Grace_055,kula,Grace,Grace_055.mp4,20,20,1.0,0.0,0.0,1.0,0.0,0.0
kula__Grace_056,kula,Grace,Grace_056.mp4,23,23,1.0,0.0,0.0,1.0,0.0,0.0
kula__Grace_057,kula,Grace,Grace_057.mp4,20,20,1.0,0.0,0.0,1.0,0.0,0.0
kula__Grace_058,kula,Grace,Grace_058.mp4,18,18,1.0,0.0,0.0,1.0,0.0,0.0
kula__Grace_059,kula,Grace,Grace_059.mp4,16,16,1.0,0.0,0.0,1.0,0.0,0.0
mama__Britney_002,mama,Britney,Britney_002.mp4,16,16,1.0,0.0625,0.0,1.0,0.0625,0.0
mama__Britney_003,mama,Britney,Britney_003.mp4,19,19,1.0,0.05263157894736842,0.0,1.0,0.05263157894736842,0.0
mama__Britney_004,mama,Britney,Britney_004.mp4,16,16,1.0,0.125,0.1875,1.0,0.1875,0.125
mama__Britney_005,mama,Britney,Britney_005.mp4,21,21,1.0,0.047619047619047616,0.0,1.0,0.047619047619047616,0.0
mama__Britney_006,mama,Britney,Britney_006.mp4,18,18,1.0,0.05555555555555555,0.0,1.0,0.05555555555555555,0.0
mama__Britney_007,mama,Britney,Britney_007.mp4,21,21,1.0,0.0,0.047619047619047616,1.0,0.047619047619047616,0.0
mama__Britney_008,mama,Britney,Britney_008.mp4,33,33,1.0,0.0,0.030303030303030304,1.0,0.030303030303030304,0.0
mama__Britney_009,mama,Britney,Britney_009.mp4,131,131,1.0,0.0,0.03816793893129771,1.0,0.03816793893129771,0.0
mama__Britney_010,mama,Britney,Britney_010.mp4,26,26,1.0,0.07692307692307693,0.15384615384615385,1.0,0.15384615384615385,0.07692307692307693
mama__Britney_011,mama,Britney,Britney_011.mp4,16,16,1.0,0.0,0.0,1.0,0.0,0.0
mama__Britney_012,mama,Britney,Britney_012.mp4,17,17,1.0,0.0,0.058823529411764705,1.0,0.058823529411764705,0.0
mama__Britney_013,mama,Britney,Britney_013.mp4,17,17,1.0,0.0,0.058823529411764705,1.0,0.058823529411764705,0.0
mama__Britney_014,mama,Britney,Britney_014.mp4,21,21,1.0,0.0,0.09523809523809523,1.0,0.09523809523809523,0.0
mama__Britney_015,mama,Britney,Britney_015.mp4,18,18,1.0,0.0,0.05555555555555555,1.0,0.05555555555555555,0.0
mama__Britney_016,mama,Britney,Britney_016.mp4,17,17,1.0,0.0,0.0,1.0,0.0,0.0
mama__Britney_017,mama,Britney,Britney_017.mp4,18,18,1.0,0.0,0.05555555555555555,1.0,0.05555555555555555,0.0
mama__Britney_018,mama,Britney,Britney_018.mp4,17,17,1.0,0.0,0.0,1.0,0.0,0.0
mama__Britney_019,mama,Britney,Britney_019.mp4,22,22,1.0,0.0,0.045454545454545456,1.0,0.045454545454545456,0.0
mama__Britney_020,mama,Britney,Britney_020.mp4,21,21,1.0,0.0,0.047619047619047616,1.0,0.047619047619047616,0.0
mama__Britney_021,mama,Britney,Britney_021.mp4,17,17,1.0,0.0,0.058823529411764705,1.0,0.058823529411764705,0.0
mama__Britney_022,mama,Britney,Britney_022.mp4,21,21,1.0,0.0,0.0,1.0,0.0,0.0
mama__Britney_023,mama,Britney,Britney_023.mp4,17,17,1.0,0.0,0.11764705882352941,1.0,0.11764705882352941,0.0
mama__Britney_024,mama,Britney,Britney_024.mp4,17,17,1.0,0.0,0.11764705882352941,1.0,0.11764705882352941,0.0
mama__Britney_025,mama,Britney,Britney_025.mp4,18,18,1.0,0.0,0.0,0.9444444444444444,0.0,0.0
mama__Britney_026,mama,Britney,Britney_026.mp4,22,22,1.0,0.045454545454545456,0.0,1.0,0.045454545454545456,0.0
mama__Britney_027,mama,Britney,Britney_027.mp4,17,17,1.0,0.11764705882352941,0.0,1.0,0.11764705882352941,0.0
mama__Britney_028,mama,Britney,Britney_028.mp4,18,18,1.0,0.05555555555555555,0.1111111111111111,1.0,0.1111111111111111,0.05555555555555555
mama__Britney_029,mama,Britney,Britney_029.mp4,20,20,1.0,0.15,0.05,1.0,0.15,0.05
mama__Britney_030,mama,Britney,Britney_030.mp4,22,22,1.0,0.0,0.0,1.0,0.0,0.0
mama__Britney_031,mama,Britney,Britney_031.mp4,20,20,1.0,0.1,0.0,1.0,0.1,0.0
mama__Britney_032,mama,Britney,Britney_032.mp4,23,23,1.0,0.0,0.0,1.0,0.0,0.0
mama__Britney_033,mama,Britney,Britney_033.mp4,20,20,1.0,0.0,0.0,1.0,0.0,0.0
mama__Britney_034,mama,Britney,Britney_034.mp4,22,22,1.0,0.0,0.045454545454545456,1.0,0.045454545454545456,0.0
mama__Britney_035,mama,Britney,Britney_035.mp4,24,24,1.0,0.0,0.041666666666666664,1.0,0.041666666666666664,0.0
mama__Britney_036,mama,Britney,Britney_036.mp4,21,21,1.0,0.0,0.0,1.0,0.0,0.0
mama__Britney_037,mama,Britney,Britney_037.mp4,30,30,1.0,0.0,0.0,1.0,0.0,0.0
mama__Britney_038,mama,Britney,Britney_038.mp4,20,20,1.0,0.0,0.0,0.95,0.0,0.0
mama__Britney_039,mama,Britney,Britney_039.mp4,34,34,1.0,0.0,0.0,1.0,0.0,0.0
mama__Britney_040,mama,Britney,Britney_040.mp4,26,26,1.0,0.0,0.07692307692307693,1.0,0.07692307692307693,0.0
mama__Britney_041,mama,Britney,Britney_041.mp4,18,18,1.0,0.0,0.1111111111111111,1.0,0.1111111111111111,0.0
mama__Britney_042,mama,Britney,Britney_042.mp4,17,17,1.0,0.0,0.058823529411764705,1.0,0.058823529411764705,0.0
mama__Britney_043,mama,Britney,Britney_043.mp4,26,26,1.0,0.0,0.038461538461538464,1.0,0.038461538461538464,0.0
mama__Britney_044,mama,Britney,Britney_044.mp4,20,20,1.0,0.0,0.15,1.0,0.15,0.0
mama__Britney_045,mama,Britney,Britney_045.mp4,16,16,1.0,0.0,0.0625,1.0,0.0625,0.0
mama__Britney_046,mama,Britney,Britney_046.mp4,18,18,1.0,0.0,0.05555555555555555,1.0,0.05555555555555555,0.0
mama__Britney_047,mama,Britney,Britney_047.mp4,20,20,1.0,0.0,0.15,1.0,0.15,0.0
mama__Britney_048,mama,Britney,Britney_048.mp4,18,18,1.0,0.0,0.05555555555555555,1.0,0.05555555555555555,0.0
mama__Britney_049,mama,Britney,Britney_049.mp4,22,22,1.0,0.0,0.045454545454545456,1.0,0.045454545454545456,0.0
mama__Britney_050,mama,Britney,Britney_050.mp4,23,23,1.0,0.0,0.17391304347826086,1.0,0.17391304347826086,0.0
mama__Britney_051,mama,Britney,Britney_051.mp4,29,29,1.0,0.0,0.10344827586206896,1.0,0.10344827586206896,0.0
mama__Britney_052,mama,Britney,Britney_052.mp4,25,25,1.0,0.0,0.04,1.0,0.04,0.0
mama__Britney_053,mama,Britney,Britney_053.mp4,23,23,1.0,0.0,0.17391304347826086,1.0,0.17391304347826086,0.0
mama__Britney_054,mama,Britney,Britney_054.mp4,25,25,1.0,0.0,0.04,1.0,0.04,0.0
mama__Britney_055,mama,Britney,Britney_055.mp4,23,23,1.0,0.0,0.043478260869565216,1.0,0.043478260869565216,0.0
mama__Britney_056,mama,Britney,Britney_056.mp4,21,21,1.0,0.0,0.047619047619047616,1.0,0.047619047619047616,0.0
mama__Britney_057,mama,Britney,Britney_057.mp4,28,28,1.0,0.0,0.10714285714285714,1.0,0.10714285714285714,0.0
mama__Britney_058,mama,Britney,Britney_058.mp4,22,22,1.0,0.0,0.045454545454545456,1.0,0.045454545454545456,0.0
mama__Britney_059,mama,Britney,Britney_059.mp4,24,24,1.0,0.0,0.08333333333333333,1.0,0.08333333333333333,0.0
mama__Britney_060,mama,Britney,Britney_060.mp4,24,24,1.0,0.0,0.0,1.0,0.0,0.0
mama__Britney_061,mama,Britney,Britney_061.mp4,28,28,1.0,0.0,0.03571428571428571,1.0,0.03571428571428571,0.0
mama__Grace_001,mama,Grace,Grace_001.mp4,20,20,1.0,0.0,0.05,1.0,0.05,0.0
mama__Grace_002,mama,Grace,Grace_002.mp4,25,25,1.0,0.0,0.0,1.0,0.0,0.0
mama__Grace_003,mama,Grace,Grace_003.mp4,15,15,1.0,0.0,0.0,1.0,0.0,0.0
mama__Grace_004,mama,Grace,Grace_004.mp4,29,29,1.0,0.0,0.034482758620689655,1.0,0.034482758620689655,0.0
mama__Grace_005,mama,Grace,Grace_005.mp4,22,22,1.0,0.0,0.045454545454545456,1.0,0.045454545454545456,0.0
mama__Grace_006,mama,Grace,Grace_006.mp4,24,24,1.0,0.0,0.0,1.0,0.0,0.0
mama__Grace_007,mama,Grace,Grace_007.mp4,23,23,1.0,0.0,0.0,1.0,0.0,0.0
mama__Grace_008,mama,Grace,Grace_008.mp4,19,19,1.0,0.0,0.0,1.0,0.0,0.0
mama__Grace_009,mama,Grace,Grace_009.mp4,19,19,1.0,0.0,0.0,1.0,0.0,0.0
mama__Grace_010,mama,Grace,Grace_010.mp4,20,20,1.0,0.0,0.0,1.0,0.0,0.0
mama__Grace_011,mama,Grace,Grace_011.mp4,20,20,1.0,0.0,0.05,1.0,0.05,0.0
mama__Grace_012,mama,Grace,Grace_012.mp4,29,29,1.0,0.0,0.0,1.0,0.0,0.0
mama__Grace_013,mama,Grace,Grace_013.mp4,27,27,1.0,0.0,0.0,1.0,0.0,0.0
mama__Grace_014,mama,Grace,Grace_014.mp4,31,31,1.0,0.0,0.22580645161290322,1.0,0.22580645161290322,0.0
mama__Grace_015,mama,Grace,Grace_015.mp4,22,22,1.0,0.0,0.0,1.0,0.0,0.0
mama__Grace_016,mama,Grace,Grace_016.mp4,24,24,1.0,0.0,0.0,1.0,0.0,0.0
mama__Grace_017,mama,Grace,Grace_017.mp4,19,19,1.0,0.0,0.15789473684210525,1.0,0.15789473684210525,0.0
mama__Grace_018,mama,Grace,Grace_018.mp4,21,21,1.0,0.0,0.09523809523809523,1.0,0.09523809523809523,0.0
mama__Grace_019,mama,Grace,Grace_019.mp4,25,25,1.0,0.0,0.12,1.0,0.12,0.0
mama__Grace_020,mama,Grace,Grace_020.mp4,23,23,1.0,0.0,0.043478260869565216,1.0,0.043478260869565216,0.0
mama__Grace_021,mama,Grace,Grace_021.mp4,28,28,1.0,0.0,0.07142857142857142,0.6428571428571429,0.07142857142857142,0.0
mama__Grace_022,mama,Grace,Grace_022.mp4,24,24,1.0,0.0,0.041666666666666664,1.0,0.041666666666666664,0.0
mama__Grace_023,mama,Grace,Grace_023.mp4,27,27,1.0,0.0,0.0,1.0,0.0,0.0
mama__Grace_024,mama,Grace,Grace_024.mp4,23,23,1.0,0.08695652173913043,0.0,1.0,0.08695652173913043,0.0
mama__Grace_025,mama,Grace,Grace_025.mp4,27,27,1.0,0.0,0.037037037037037035,1.0,0.037037037037037035,0.0
mama__Grace_026,mama,Grace,Grace_026.mp4,25,25,1.0,0.0,0.0,1.0,0.0,0.0
mama__Grace_027,mama,Grace,Grace_027.mp4,20,20,1.0,0.0,0.05,1.0,0.05,0.0
mama__Grace_028,mama,Grace,Grace_028.mp4,25,25,1.0,0.0,0.0,1.0,0.0,0.0
mama__Grace_029,mama,Grace,Grace_029.mp4,21,21,1.0,0.0,0.047619047619047616,1.0,0.047619047619047616,0.0
mama__Grace_030,mama,Grace,Grace_030.mp4,21,21,1.0,0.0,0.0,1.0,0.0,0.0
mama__Grace_031,mama,Grace,Grace_031.mp4,28,28,1.0,0.0,0.03571428571428571,1.0,0.03571428571428571,0.0
mama__Grace_032,mama,Grace,Grace_032.mp4,25,25,1.0,0.0,0.0,1.0,0.0,0.0
mama__Grace_033,mama,Grace,Grace_033.mp4,22,22,1.0,0.0,0.0,1.0,0.0,0.0
mama__Grace_034,mama,Grace,Grace_034.mp4,23,23,1.0,0.0,0.0,1.0,0.0,0.0
mama__Grace_035,mama,Grace,Grace_035.mp4,24,24,1.0,0.0,0.0,1.0,0.0,0.0
mama__Grace_036,mama,Grace,Grace_036.mp4,21,21,1.0,0.0,0.0,1.0,0.0,0.0
mama__Grace_037,mama,Grace,Grace_037.mp4,22,22,1.0,0.0,0.0,1.0,0.0,0.0
mama__Grace_038,mama,Grace,Grace_038.mp4,28,28,1.0,0.03571428571428571,0.03571428571428571,1.0,0.03571428571428571,0.03571428571428571
mama__Grace_039,mama,Grace,Grace_039.mp4,25,25,1.0,0.0,0.04,1.0,0.04,0.0
mama__Grace_040,mama,Grace,Grace_040.mp4,24,24,1.0,0.0,0.0,1.0,0.0,0.0
mama__Grace_041,mama,Grace,Grace_041.mp4,26,26,1.0,0.0,0.0,1.0,0.0,0.0
mama__Grace_042,mama,Grace,Grace_042.mp4,26,26,1.0,0.0,0.0,1.0,0.0,0.0
mama__Grace_043,mama,Grace,Grace_043.mp4,32,32,1.0,0.0,0.0,1.0,0.0,0.0
mama__Grace_044,mama,Grace,Grace_044.mp4,22,22,1.0,0.0,0.0,1.0,0.0,0.0
mama__Grace_045,mama,Grace,Grace_045.mp4,19,19,1.0,0.0,0.05263157894736842,1.0,0.05263157894736842,0.0
mama__Grace_046,mama,Grace,Grace_046.mp4,20,20,1.0,0.0,0.0,1.0,0.0,0.0
mama__Grace_047,mama,Grace,Grace_047.mp4,27,27,1.0,0.0,0.037037037037037035,1.0,0.037037037037037035,0.0
mama__Grace_048,mama,Grace,Grace_048.mp4,23,23,1.0,0.0,0.13043478260869565,1.0,0.13043478260869565,0.0
mama__Grace_049,mama,Grace,Grace_049.mp4,26,26,1.0,0.0,0.0,1.0,0.0,0.0
mama__Grace_050,mama,Grace,Grace_050.mp4,24,24,1.0,0.0,0.0,1.0,0.0,0.0
mama__Grace_051,mama,Grace,Grace_051.mp4,22,22,1.0,0.0,0.0,1.0,0.0,0.0
mama__Grace_052,mama,Grace,Grace_052.mp4,18,18,1.0,0.0,0.0,1.0,0.0,0.0
mama__Grace_053,mama,Grace,Grace_053.mp4,21,21,1.0,0.0,0.047619047619047616,1.0,0.047619047619047616,0.0
mama__Grace_054,mama,Grace,Grace_054.mp4,26,26,1.0,0.0,0.038461538461538464,1.0,0.038461538461538464,0.0
mama__Grace_055,mama,Grace,Grace_055.mp4,21,21,1.0,0.0,0.047619047619047616,1.0,0.047619047619047616,0.0
mama__Grace_056,mama,Grace,Grace_056.mp4,31,31,1.0,0.0,0.0967741935483871,1.0,0.0967741935483871,0.0
mama__Grace_057,mama,Grace,Grace_057.mp4,24,24,1.0,0.0,0.0,1.0,0.0,0.0
mama__Grace_058,mama,Grace,Grace_058.mp4,33,33,1.0,0.0,0.0,1.0,0.0,0.0
mama__Grace_059,mama,Grace,Grace_059.mp4,26,26,1.0,0.0,0.038461538461538464,1.0,0.038461538461538464,0.0
mama__Grace_060,mama,Grace,Grace_060.mp4,28,28,1.0,0.0,0.0,1.0,0.0,0.0
nenda__Britney_002,nenda,Britney,Britney_002.mp4,28,28,1.0,0.2857142857142857,0.10714285714285714,1.0,0.2857142857142857,0.10714285714285714
nenda__Britney_003,nenda,Britney,Britney_003.mp4,30,30,1.0,0.23333333333333334,0.1,1.0,0.23333333333333334,0.1
nenda__Britney_004,nenda,Britney,Britney_004.mp4,26,26,1.0,0.34615384615384615,0.0,1.0,0.34615384615384615,0.0
nenda__Britney_005,nenda,Britney,Britney_005.mp4,28,28,1.0,0.17857142857142858,0.10714285714285714,1.0,0.17857142857142858,0.10714285714285714
nenda__Britney_006,nenda,Britney,Britney_006.mp4,23,23,1.0,0.0,0.13043478260869565,1.0,0.13043478260869565,0.0
nenda__Britney_007,nenda,Britney,Britney_007.mp4,27,27,1.0,0.18518518518518517,0.2962962962962963,1.0,0.2962962962962963,0.18518518518518517
nenda__Britney_008,nenda,Britney,Britney_008.mp4,37,37,1.0,0.16216216216216217,0.35135135135135137,1.0,0.35135135135135137,0.16216216216216217
nenda__Britney_009,nenda,Britney,Britney_009.mp4,27,27,1.0,0.14814814814814814,0.07407407407407407,1.0,0.14814814814814814,0.07407407407407407
nenda__Britney_010,nenda,Britney,Britney_010.mp4,34,34,1.0,0.11764705882352941,0.23529411764705882,1.0,0.23529411764705882,0.11764705882352941
nenda__Britney_011,nenda,Britney,Britney_011.mp4,42,42,1.0,0.19047619047619047,0.3333333333333333,1.0,0.3333333333333333,0.19047619047619047
nenda__Britney_012,nenda,Britney,Britney_012.mp4,56,56,1.0,0.125,0.17857142857142858,1.0,0.17857142857142858,0.125
nenda__Britney_013,nenda,Britney,Britney_013.mp4,38,38,1.0,0.21052631578947367,0.2631578947368421,1.0,0.2631578947368421,0.21052631578947367
nenda__Britney_014,nenda,Britney,Britney_014.mp4,34,34,1.0,0.2647058823529412,0.08823529411764706,1.0,0.2647058823529412,0.08823529411764706
nenda__Britney_015,nenda,Britney,Britney_015.mp4,32,32,1.0,0.1875,0.15625,1.0,0.1875,0.15625
nenda__Britney_016,nenda,Britney,Britney_016.mp4,30,30,1.0,0.2,0.13333333333333333,1.0,0.2,0.13333333333333333
nenda__Britney_017,nenda,Britney,Britney_017.mp4,37,37,1.0,0.16216216216216217,0.0,1.0,0.16216216216216217,0.0
nenda__Britney_018,nenda,Britney,Britney_018.mp4,34,34,1.0,0.17647058823529413,0.17647058823529413,1.0,0.17647058823529413,0.17647058823529413
nenda__Britney_019,nenda,Britney,Britney_019.mp4,29,29,1.0,0.1724137931034483,0.1724137931034483,1.0,0.1724137931034483,0.1724137931034483
nenda__Britney_020,nenda,Britney,Britney_020.mp4,27,27,1.0,0.18518518518518517,0.2222222222222222,1.0,0.2222222222222222,0.18518518518518517
nenda__Britney_021,nenda,Britney,Britney_021.mp4,34,34,1.0,0.058823529411764705,0.20588235294117646,1.0,0.20588235294117646,0.058823529411764705
nenda__Britney_022,nenda,Britney,Britney_022.mp4,176,176,1.0,0.0,0.017045454545454544,0.9318181818181818,0.017045454545454544,0.0
nenda__Britney_023,nenda,Britney,Britney_023.mp4,44,44,1.0,0.2727272727272727,0.06818181818181818,1.0,0.2727272727272727,0.06818181818181818
nenda__Britney_024,nenda,Britney,Britney_024.mp4,35,35,1.0,0.17142857142857143,0.08571428571428572,1.0,0.17142857142857143,0.08571428571428572
nenda__Britney_025,nenda,Britney,Britney_025.mp4,29,29,1.0,0.3793103448275862,0.27586206896551724,1.0,0.3793103448275862,0.27586206896551724
nenda__Britney_026,nenda,Britney,Britney_026.mp4,30,30,1.0,0.2,0.23333333333333334,1.0,0.23333333333333334,0.2
nenda__Britney_027,nenda,Britney,Britney_027.mp4,27,27,1.0,0.37037037037037035,0.3333333333333333,1.0,0.37037037037037035,0.3333333333333333
nenda__Britney_028,nenda,Britney,Britney_028.mp4,30,30,1.0,0.2,0.06666666666666667,1.0,0.2,0.06666666666666667
nenda__Britney_029,nenda,Britney,Britney_029.mp4,30,30,1.0,0.3,0.1,1.0,0.3,0.1
nenda__Britney_030,nenda,Britney,Britney_030.mp4,33,33,1.0,0.3939393939393939,0.18181818181818182,1.0,0.3939393939393939,0.18181818181818182
nenda__Britney_031,nenda,Britney,Britney_031.mp4,30,30,1.0,0.2,0.3,1.0,0.3,0.2
nenda__Britney_032,nenda,Britney,Britney_032.mp4,29,29,1.0,0.27586206896551724,0.1724137931034483,1.0,0.27586206896551724,0.1724137931034483
nenda__Britney_033,nenda,Britney,Britney_033.mp4,35,35,1.0,0.22857142857142856,0.17142857142857143,1.0,0.22857142857142856,0.17142857142857143
nenda__Britney_034,nenda,Britney,Britney_034.mp4,35,35,1.0,0.11428571428571428,0.11428571428571428,1.0,0.11428571428571428,0.11428571428571428
nenda__Britney_035,nenda,Britney,Britney_035.mp4,33,33,1.0,0.12121212121212122,0.06060606060606061,1.0,0.12121212121212122,0.06060606060606061
nenda__Britney_036,nenda,Britney,Britney_036.mp4,30,30,1.0,0.23333333333333334,0.2,1.0,0.23333333333333334,0.2
nenda__Britney_037,nenda,Britney,Britney_037.mp4,28,28,1.0,0.2857142857142857,0.07142857142857142,1.0,0.2857142857142857,0.07142857142857142
nenda__Britney_038,nenda,Britney,Britney_038.mp4,27,27,1.0,0.25925925925925924,0.1111111111111111,1.0,0.25925925925925924,0.1111111111111111
nenda__Britney_039,nenda,Britney,Britney_039.mp4,25,25,1.0,0.4,0.2,1.0,0.4,0.2
nenda__Britney_040,nenda,Britney,Britney_040.mp4,31,31,1.0,0.3225806451612903,0.12903225806451613,1.0,0.3225806451612903,0.12903225806451613
nenda__Britney_041,nenda,Britney,Britney_041.mp4,24,24,1.0,0.5833333333333334,0.25,1.0,0.5833333333333334,0.25
nenda__Britney_042,nenda,Britney,Britney_042.mp4,32,32,1.0,0.28125,0.03125,1.0,0.28125,0.03125
nenda__Britney_043,nenda,Britney,Britney_043.mp4,31,31,1.0,0.41935483870967744,0.1935483870967742,1.0,0.41935483870967744,0.1935483870967742
nenda__Britney_044,nenda,Britney,Britney_044.mp4,32,32,1.0,0.09375,0.09375,0.96875,0.09375,0.09375
nenda__Britney_045,nenda,Britney,Britney_045.mp4,27,27,1.0,0.2222222222222222,0.1111111111111111,1.0,0.2222222222222222,0.1111111111111111
nenda__Britney_046,nenda,Britney,Britney_046.mp4,21,21,1.0,0.42857142857142855,0.14285714285714285,1.0,0.42857142857142855,0.14285714285714285
nenda__Britney_047,nenda,Britney,Britney_047.mp4,30,30,1.0,0.3333333333333333,0.03333333333333333,1.0,0.3333333333333333,0.03333333333333333
nenda__Britney_048,nenda,Britney,Britney_048.mp4,24,24,1.0,0.20833333333333334,0.125,1.0,0.20833333333333334,0.125
nenda__Britney_049,nenda,Britney,Britney_049.mp4,31,31,1.0,0.2903225806451613,0.16129032258064516,1.0,0.2903225806451613,0.16129032258064516
nenda__Britney_050,nenda,Britney,Britney_050.mp4,52,52,1.0,0.17307692307692307,0.019230769230769232,1.0,0.17307692307692307,0.019230769230769232
nenda__Britney_051,nenda,Britney,Britney_051.mp4,46,46,1.0,0.17391304347826086,0.06521739130434782,1.0,0.17391304347826086,0.06521739130434782
nenda__Britney_052,nenda,Britney,Britney_052.mp4,42,42,1.0,0.19047619047619047,0.19047619047619047,1.0,0.19047619047619047,0.19047619047619047
nenda__Britney_053,nenda,Britney,Britney_053.mp4,35,35,1.0,0.22857142857142856,0.08571428571428572,1.0,0.22857142857142856,0.08571428571428572
nenda__Britney_054,nenda,Britney,Britney_054.mp4,29,29,1.0,0.3448275862068966,0.10344827586206896,1.0,0.3448275862068966,0.10344827586206896
nenda__Britney_055,nenda,Britney,Britney_055.mp4,35,35,1.0,0.11428571428571428,0.11428571428571428,1.0,0.11428571428571428,0.11428571428571428
nenda__Britney_056,nenda,Britney,Britney_056.mp4,35,35,1.0,0.08571428571428572,0.11428571428571428,1.0,0.11428571428571428,0.08571428571428572
nenda__Britney_057,nenda,Britney,Britney_057.mp4,38,38,1.0,0.15789473684210525,0.10526315789473684,1.0,0.15789473684210525,0.10526315789473684
nenda__Britney_058,nenda,Britney,Britney_058.mp4,34,34,1.0,0.08823529411764706,0.14705882352941177,1.0,0.14705882352941177,0.08823529411764706
nenda__Britney_059,nenda,Britney,Britney_059.mp4,36,36,1.0,0.3611111111111111,0.1111111111111111,1.0,0.3611111111111111,0.1111111111111111
nenda__Britney_060,nenda,Britney,Britney_060.mp4,34,34,1.0,0.20588235294117646,0.11764705882352941,1.0,0.20588235294117646,0.11764705882352941
nenda__Britney_061,nenda,Britney,Britney_061.mp4,36,36,1.0,0.1388888888888889,0.05555555555555555,1.0,0.1388888888888889,0.05555555555555555
nenda__Grace_001,nenda,Grace,Grace_001.mp4,38,38,1.0,0.0,0.0,1.0,0.0,0.0
nenda__Grace_002,nenda,Grace,Grace_002.mp4,21,21,1.0,0.047619047619047616,0.047619047619047616,1.0,0.047619047619047616,0.047619047619047616
nenda__Grace_003,nenda,Grace,Grace_003.mp4,29,29,1.0,0.20689655172413793,0.20689655172413793,1.0,0.20689655172413793,0.20689655172413793
nenda__Grace_005,nenda,Grace,Grace_005.mp4,27,27,1.0,0.2962962962962963,0.037037037037037035,1.0,0.2962962962962963,0.037037037037037035
nenda__Grace_006,nenda,Grace,Grace_006.mp4,20,20,1.0,0.15,0.1,1.0,0.15,0.1
nenda__Grace_007,nenda,Grace,Grace_007.mp4,26,26,1.0,0.2692307692307692,0.038461538461538464,1.0,0.2692307692307692,0.038461538461538464
nenda__Grace_008,nenda,Grace,Grace_008.mp4,20,20,1.0,0.05,0.0,1.0,0.05,0.0
nenda__Grace_009,nenda,Grace,Grace_009.mp4,23,23,1.0,0.0,0.08695652173913043,1.0,0.08695652173913043,0.0
nenda__Grace_010,nenda,Grace,Grace_010.mp4,24,24,1.0,0.2916666666666667,0.0,1.0,0.2916666666666667,0.0
nenda__Grace_011,nenda,Grace,Grace_011.mp4,29,29,1.0,0.10344827586206896,0.13793103448275862,1.0,0.13793103448275862,0.10344827586206896
nenda__Grace_012,nenda,Grace,Grace_012.mp4,28,28,1.0,0.07142857142857142,0.03571428571428571,1.0,0.07142857142857142,0.03571428571428571
nenda__Grace_013,nenda,Grace,Grace_013.mp4,26,26,1.0,0.15384615384615385,0.0,1.0,0.15384615384615385,0.0
nenda__Grace_014,nenda,Grace,Grace_014.mp4,25,25,1.0,0.08,0.0,1.0,0.08,0.0
nenda__Grace_015,nenda,Grace,Grace_015.mp4,22,22,1.0,0.09090909090909091,0.045454545454545456,1.0,0.09090909090909091,0.045454545454545456
nenda__Grace_016,nenda,Grace,Grace_016.mp4,24,24,1.0,0.0,0.08333333333333333,1.0,0.08333333333333333,0.0
nenda__Grace_017,nenda,Grace,Grace_017.mp4,25,25,1.0,0.08,0.12,1.0,0.12,0.08
nenda__Grace_018,nenda,Grace,Grace_018.mp4,27,27,1.0,0.2222222222222222,0.037037037037037035,1.0,0.2222222222222222,0.037037037037037035
nenda__Grace_019,nenda,Grace,Grace_019.mp4,23,23,1.0,0.17391304347826086,0.30434782608695654,1.0,0.30434782608695654,0.17391304347826086
nenda__Grace_020,nenda,Grace,Grace_020.mp4,24,24,1.0,0.125,0.16666666666666666,1.0,0.16666666666666666,0.125
nenda__Grace_021,nenda,Grace,Grace_021.mp4,23,23,1.0,0.13043478260869565,0.30434782608695654,1.0,0.30434782608695654,0.13043478260869565
nenda__Grace_022,nenda,Grace,Grace_022.mp4,31,31,1.0,0.22580645161290322,0.1935483870967742,1.0,0.22580645161290322,0.1935483870967742
nenda__Grace_023,nenda,Grace,Grace_023.mp4,25,25,1.0,0.08,0.04,1.0,0.08,0.04
nenda__Grace_024,nenda,Grace,Grace_024.mp4,32,32,1.0,0.09375,0.03125,1.0,0.09375,0.03125
nenda__Grace_025,nenda,Grace,Grace_025.mp4,25,25,1.0,0.12,0.16,1.0,0.16,0.12
nenda__Grace_026,nenda,Grace,Grace_026.mp4,28,28,1.0,0.25,0.03571428571428571,1.0,0.25,0.03571428571428571
nenda__Grace_027,nenda,Grace,Grace_027.mp4,30,30,1.0,0.23333333333333334,0.26666666666666666,1.0,0.26666666666666666,0.23333333333333334
nenda__Grace_028,nenda,Grace,Grace_028.mp4,29,29,1.0,0.13793103448275862,0.13793103448275862,1.0,0.13793103448275862,0.13793103448275862
nenda__Grace_029,nenda,Grace,Grace_029.mp4,24,24,1.0,0.20833333333333334,0.041666666666666664,1.0,0.20833333333333334,0.041666666666666664
nenda__Grace_030,nenda,Grace,Grace_030.mp4,23,23,1.0,0.21739130434782608,0.21739130434782608,1.0,0.21739130434782608,0.21739130434782608
nenda__Grace_031,nenda,Grace,Grace_031.mp4,23,23,1.0,0.043478260869565216,0.043478260869565216,1.0,0.043478260869565216,0.043478260869565216
nenda__Grace_032,nenda,Grace,Grace_032.mp4,22,22,1.0,0.18181818181818182,0.22727272727272727,1.0,0.22727272727272727,0.18181818181818182
nenda__Grace_033,nenda,Grace,Grace_033.mp4,21,21,1.0,0.09523809523809523,0.09523809523809523,1.0,0.09523809523809523,0.09523809523809523
nenda__Grace_034,nenda,Grace,Grace_034.mp4,20,20,1.0,0.3,0.05,1.0,0.3,0.05
nenda__Grace_035,nenda,Grace,Grace_035.mp4,25,25,1.0,0.0,0.08,1.0,0.08,0.0
nenda__Grace_036,nenda,Grace,Grace_036.mp4,23,23,1.0,0.043478260869565216,0.13043478260869565,1.0,0.13043478260869565,0.043478260869565216
nenda__Grace_037,nenda,Grace,Grace_037.mp4,26,26,1.0,0.15384615384615385,0.038461538461538464,1.0,0.15384615384615385,0.038461538461538464
nenda__Grace_038,nenda,Grace,Grace_038.mp4,34,34,1.0,0.029411764705882353,0.058823529411764705,1.0,0.058823529411764705,0.029411764705882353
nenda__Grace_039,nenda,Grace,Grace_039.mp4,52,52,1.0,0.11538461538461539,0.019230769230769232,1.0,0.11538461538461539,0.019230769230769232
nenda__Grace_040,nenda,Grace,Grace_040.mp4,49,49,1.0,0.02040816326530612,0.02040816326530612,1.0,0.02040816326530612,0.02040816326530612
nenda__Grace_041,nenda,Grace,Grace_041.mp4,24,24,1.0,0.041666666666666664,0.08333333333333333,1.0,0.08333333333333333,0.041666666666666664
nenda__Grace_042,nenda,Grace,Grace_042.mp4,29,29,1.0,0.06896551724137931,0.0,1.0,0.06896551724137931,0.0
nenda__Grace_043,nenda,Grace,Grace_043.mp4,29,29,1.0,0.034482758620689655,0.0,1.0,0.034482758620689655,0.0
nenda__Grace_044,nenda,Grace,Grace_044.mp4,23,23,1.0,0.21739130434782608,0.13043478260869565,1.0,0.21739130434782608,0.13043478260869565
nenda__Grace_045,nenda,Grace,Grace_045.mp4,24,24,1.0,0.0,0.041666666666666664,1.0,0.041666666666666664,0.0
nenda__Grace_046,nenda,Grace,Grace_046.mp4,32,32,1.0,0.1875,0.0625,1.0,0.1875,0.0625
nenda__Grace_047,nenda,Grace,Grace_047.mp4,31,31,1.0,0.03225806451612903,0.03225806451612903,1.0,0.03225806451612903,0.03225806451612903
nenda__Grace_048,nenda,Grace,Grace_048.mp4,23,23,1.0,0.043478260869565216,0.0,1.0,0.043478260869565216,0.0
nenda__Grace_049,nenda,Grace,Grace_049.mp4,24,24,1.0,0.041666666666666664,0.041666666666666664,1.0,0.041666666666666664,0.041666666666666664
nenda__Grace_050,nenda,Grace,Grace_050.mp4,39,39,1.0,0.0,0.10256410256410256,1.0,0.10256410256410256,0.0
nenda__Grace_051,nenda,Grace,Grace_051.mp4,33,33,1.0,0.18181818181818182,0.0,1.0,0.18181818181818182,0.0
nenda__Grace_052,nenda,Grace,Grace_052.mp4,28,28,1.0,0.10714285714285714,0.17857142857142858,1.0,0.17857142857142858,0.10714285714285714
nenda__Grace_053,nenda,Grace,Grace_053.mp4,23,23,1.0,0.30434782608695654,0.34782608695652173,1.0,0.34782608695652173,0.30434782608695654
nenda__Grace_054,nenda,Grace,Grace_054.mp4,27,27,1.0,0.18518518518518517,0.0,1.0,0.18518518518518517,0.0
nenda__Grace_055,nenda,Grace,Grace_055.mp4,28,28,1.0,0.21428571428571427,0.03571428571428571,1.0,0.21428571428571427,0.03571428571428571
nenda__Grace_056,nenda,Grace,Grace_056.mp4,30,30,1.0,0.23333333333333334,0.1,1.0,0.23333333333333334,0.1
nenda__Grace_057,nenda,Grace,Grace_057.mp4,19,19,1.0,0.0,0.0,1.0,0.0,0.0
nenda__Grace_058,nenda,Grace,Grace_058.mp4,26,26,1.0,0.15384615384615385,0.15384615384615385,1.0,0.15384615384615385,0.15384615384615385
nenda__Grace_059,nenda,Grace,Grace_059.mp4,21,21,1.0,0.38095238095238093,0.0,1.0,0.38095238095238093,0.0
nenda__Grace_060,nenda,Grace,Grace_060.mp4,27,27,1.0,0.25925925925925924,0.037037037037037035,1.0,0.25925925925925924,0.037037037037037035
nenda__Grace_061,nenda,Grace,Grace_061.mp4,22,22,1.0,0.22727272727272727,0.09090909090909091,1.0,0.22727272727272727,0.09090909090909091
njema__Britney_001,njema,Britney,Britney_001.mp4,37,37,1.0,0.05405405405405406,0.8108108108108109,1.0,0.8108108108108109,0.05405405405405406
njema__Britney_002,njema,Britney,Britney_002.mp4,29,29,1.0,0.27586206896551724,0.7586206896551724,1.0,0.7586206896551724,0.27586206896551724
njema__Britney_003,njema,Britney,Britney_003.mp4,27,27,1.0,0.37037037037037035,0.5555555555555556,1.0,0.5555555555555556,0.37037037037037035
njema__Britney_004,njema,Britney,Britney_004.mp4,23,23,1.0,0.391304347826087,0.5652173913043478,1.0,0.5652173913043478,0.391304347826087
njema__Britney_005,njema,Britney,Britney_005.mp4,29,29,1.0,0.3103448275862069,0.4827586206896552,0.896551724137931,0.4827586206896552,0.3103448275862069
njema__Britney_006,njema,Britney,Britney_006.mp4,16,16,1.0,0.3125,0.6875,1.0,0.6875,0.3125
njema__Britney_007,njema,Britney,Britney_007.mp4,18,18,1.0,0.3888888888888889,0.6111111111111112,1.0,0.6111111111111112,0.3888888888888889
njema__Britney_008,njema,Britney,Britney_008.mp4,21,21,1.0,0.38095238095238093,0.5238095238095238,1.0,0.5238095238095238,0.38095238095238093
njema__Britney_009,njema,Britney,Britney_009.mp4,20,20,1.0,0.4,0.75,1.0,0.75,0.4
njema__Britney_010,njema,Britney,Britney_010.mp4,26,26,1.0,0.4230769230769231,0.8846153846153846,1.0,0.8846153846153846,0.4230769230769231
njema__Britney_011,njema,Britney,Britney_011.mp4,25,25,1.0,0.52,0.44,1.0,0.52,0.44
njema__Britney_012,njema,Britney,Britney_012.mp4,27,27,1.0,0.8148148148148148,0.7037037037037037,1.0,0.8148148148148148,0.7037037037037037
njema__Britney_013,njema,Britney,Britney_013.mp4,21,21,1.0,0.8095238095238095,0.5238095238095238,1.0,0.8095238095238095,0.5238095238095238
njema__Britney_014,njema,Britney,Britney_014.mp4,23,23,1.0,0.34782608695652173,0.43478260869565216,1.0,0.43478260869565216,0.34782608695652173
njema__Britney_015,njema,Britney,Britney_015.mp4,24,24,1.0,0.4583333333333333,0.8333333333333334,1.0,0.8333333333333334,0.4583333333333333
njema__Britney_016,njema,Britney,Britney_016.mp4,22,22,1.0,0.8636363636363636,0.7727272727272727,1.0,0.8636363636363636,0.7727272727272727
njema__Britney_017,njema,Britney,Britney_017.mp4,21,21,1.0,0.6666666666666666,0.7619047619047619,1.0,0.7619047619047619,0.6666666666666666
njema__Britney_018,njema,Britney,Britney_018.mp4,27,27,1.0,0.4444444444444444,0.4444444444444444,1.0,0.4444444444444444,0.4444444444444444
njema__Britney_019,njema,Britney,Britney_019.mp4,23,23,1.0,0.4782608695652174,0.6086956521739131,1.0,0.6086956521739131,0.4782608695652174
njema__Britney_020,njema,Britney,Britney_020.mp4,24,24,1.0,0.4583333333333333,0.7916666666666666,1.0,0.7916666666666666,0.4583333333333333
njema__Britney_021,njema,Britney,Britney_021.mp4,23,23,1.0,0.5652173913043478,0.782608695652174,1.0,0.782608695652174,0.5652173913043478
njema__Britney_022,njema,Britney,Britney_022.mp4,22,22,1.0,0.4090909090909091,0.7727272727272727,1.0,0.7727272727272727,0.4090909090909091
njema__Britney_023,njema,Britney,Britney_023.mp4,25,25,1.0,0.44,0.8,1.0,0.8,0.44
njema__Britney_024,njema,Britney,Britney_024.mp4,25,25,1.0,0.52,0.4,1.0,0.52,0.4
njema__Britney_025,njema,Britney,Britney_025.mp4,31,31,1.0,0.7096774193548387,0.6774193548387096,1.0,0.7096774193548387,0.6774193548387096
njema__Britney_026,njema,Britney,Britney_026.mp4,25,25,1.0,0.8,0.76,1.0,0.8,0.76
njema__Britney_027,njema,Britney,Britney_027.mp4,26,26,1.0,0.8461538461538461,0.8846153846153846,1.0,0.8846153846153846,0.8461538461538461
njema__Britney_028,njema,Britney,Britney_028.mp4,20,20,1.0,0.7,0.85,1.0,0.85,0.7
njema__Britney_029,njema,Britney,Britney_029.mp4,24,24,1.0,0.75,0.5833333333333334,1.0,0.75,0.5833333333333334
njema__Britney_030,njema,Britney,Britney_030.mp4,29,29,1.0,0.5862068965517241,0.7241379310344828,1.0,0.7241379310344828,0.5862068965517241
njema__Britney_031,njema,Britney,Britney_031.mp4,25,25,1.0,0.76,0.84,1.0,0.84,0.76
njema__Britney_032,njema,Britney,Britney_032.mp4,26,26,1.0,0.8846153846153846,0.8846153846153846,1.0,0.8846153846153846,0.8846153846153846
njema__Britney_033,njema,Britney,Britney_033.mp4,23,23,1.0,0.6956521739130435,0.8260869565217391,1.0,0.8260869565217391,0.6956521739130435
njema__Britney_034,njema,Britney,Britney_034.mp4,23,23,1.0,0.6086956521739131,0.8695652173913043,1.0,0.8695652173913043,0.6086956521739131
njema__Britney_035,njema,Britney,Britney_035.mp4,19,19,1.0,0.631578947368421,0.631578947368421,1.0,0.631578947368421,0.631578947368421
njema__Britney_036,njema,Britney,Britney_036.mp4,21,21,1.0,0.6190476190476191,0.8571428571428571,1.0,0.8571428571428571,0.6190476190476191
njema__Britney_037,njema,Britney,Britney_037.mp4,25,25,1.0,0.48,0.48,1.0,0.48,0.48
njema__Britney_038,njema,Britney,Britney_038.mp4,20,20,1.0,0.3,0.6,1.0,0.6,0.3
njema__Britney_039,njema,Britney,Britney_039.mp4,17,17,1.0,0.5294117647058824,0.5882352941176471,1.0,0.5882352941176471,0.5294117647058824
njema__Britney_040,njema,Britney,Britney_040.mp4,18,18,1.0,0.4444444444444444,0.7222222222222222,1.0,0.7222222222222222,0.4444444444444444
njema__Britney_041,njema,Britney,Britney_041.mp4,26,26,1.0,0.6923076923076923,0.7307692307692307,1.0,0.7307692307692307,0.6923076923076923
njema__Britney_042,njema,Britney,Britney_042.mp4,17,17,1.0,0.5882352941176471,0.5882352941176471,1.0,0.5882352941176471,0.5882352941176471
njema__Britney_043,njema,Britney,Britney_043.mp4,23,23,1.0,0.7391304347826086,0.782608695652174,1.0,0.782608695652174,0.7391304347826086
njema__Britney_044,njema,Britney,Britney_044.mp4,20,20,1.0,0.45,0.85,1.0,0.85,0.45
njema__Britney_045,njema,Britney,Britney_045.mp4,16,16,1.0,0.6875,0.8125,1.0,0.8125,0.6875
njema__Britney_046,njema,Britney,Britney_046.mp4,15,15,1.0,0.3333333333333333,0.8666666666666667,1.0,0.8666666666666667,0.3333333333333333
njema__Britney_047,njema,Britney,Britney_047.mp4,18,18,1.0,0.5555555555555556,0.8333333333333334,1.0,0.8333333333333334,0.5555555555555556
njema__Britney_048,njema,Britney,Britney_048.mp4,21,21,1.0,0.2857142857142857,0.47619047619047616,1.0,0.47619047619047616,0.2857142857142857
njema__Britney_049,njema,Britney,Britney_049.mp4,20,20,1.0,0.35,0.7,1.0,0.7,0.35
njema__Britney_051,njema,Britney,Britney_051.mp4,28,28,1.0,0.0,0.0,1.0,0.0,0.0
njema__Britney_052,njema,Britney,Britney_052.mp4,21,21,1.0,0.19047619047619047,0.19047619047619047,1.0,0.19047619047619047,0.19047619047619047
njema__Britney_053,njema,Britney,Britney_053.mp4,20,20,1.0,0.0,0.0,1.0,0.0,0.0
njema__Britney_054,njema,Britney,Britney_054.mp4,21,21,1.0,0.0,0.0,1.0,0.0,0.0
njema__Britney_055,njema,Britney,Britney_055.mp4,20,20,1.0,0.05,0.2,1.0,0.2,0.05
njema__Britney_056,njema,Britney,Britney_056.mp4,25,25,1.0,0.12,0.0,1.0,0.12,0.0
njema__Britney_057,njema,Britney,Britney_057.mp4,20,20,1.0,0.1,0.1,1.0,0.1,0.1
njema__Britney_058,njema,Britney,Britney_058.mp4,21,21,1.0,0.3333333333333333,0.09523809523809523,1.0,0.3333333333333333,0.09523809523809523
njema__Britney_059,njema,Britney,Britney_059.mp4,21,21,1.0,0.047619047619047616,0.42857142857142855,1.0,0.42857142857142855,0.047619047619047616
njema__Britney_060,njema,Britney,Britney_060.mp4,28,28,1.0,0.10714285714285714,0.25,1.0,0.25,0.10714285714285714
njema__Grace_001,njema,Grace,Grace_001.mp4,30,30,1.0,0.7,0.4666666666666667,1.0,0.7,0.4666666666666667
njema__Grace_002,njema,Grace,Grace_002.mp4,19,19,1.0,0.631578947368421,0.2631578947368421,1.0,0.631578947368421,0.2631578947368421
njema__Grace_003,njema,Grace,Grace_003.mp4,34,34,1.0,0.7352941176470589,0.35294117647058826,1.0,0.7352941176470589,0.35294117647058826
njema__Grace_004,njema,Grace,Grace_004.mp4,28,28,1.0,0.6071428571428571,0.2857142857142857,1.0,0.6071428571428571,0.2857142857142857
njema__Grace_005,njema,Grace,Grace_005.mp4,21,21,1.0,0.8095238095238095,0.23809523809523808,1.0,0.8095238095238095,0.23809523809523808
njema__Grace_006,njema,Grace,Grace_006.mp4,23,23,1.0,0.6521739130434783,0.21739130434782608,1.0,0.6521739130434783,0.21739130434782608
njema__Grace_007,njema,Grace,Grace_007.mp4,28,28,1.0,0.5714285714285714,0.17857142857142858,1.0,0.5714285714285714,0.17857142857142858
njema__Grace_008,njema,Grace,Grace_008.mp4,16,16,1.0,0.3125,0.375,1.0,0.375,0.3125
njema__Grace_009,njema,Grace,Grace_009.mp4,19,19,1.0,0.21052631578947367,0.05263157894736842,1.0,0.21052631578947367,0.05263157894736842
njema__Grace_010,njema,Grace,Grace_010.mp4,29,29,1.0,0.20689655172413793,0.2413793103448276,1.0,0.2413793103448276,0.20689655172413793
njema__Grace_011,njema,Grace,Grace_011.mp4,17,17,1.0,0.6470588235294118,0.47058823529411764,1.0,0.6470588235294118,0.47058823529411764
njema__Grace_012,njema,Grace,Grace_012.mp4,33,33,1.0,0.5151515151515151,0.36363636363636365,1.0,0.5151515151515151,0.36363636363636365
njema__Grace_013,njema,Grace,Grace_013.mp4,20,20,1.0,0.6,0.35,1.0,0.6,0.35
njema__Grace_014,njema,Grace,Grace_014.mp4,27,27,1.0,0.6666666666666666,0.37037037037037035,1.0,0.6666666666666666,0.37037037037037035
njema__Grace_015,njema,Grace,Grace_015.mp4,29,29,1.0,0.3793103448275862,0.20689655172413793,1.0,0.3793103448275862,0.20689655172413793
njema__Grace_016,njema,Grace,Grace_016.mp4,40,40,1.0,0.8,0.1,1.0,0.8,0.1
njema__Grace_017,njema,Grace,Grace_017.mp4,36,36,1.0,0.8611111111111112,0.19444444444444445,1.0,0.8611111111111112,0.19444444444444445
njema__Grace_018,njema,Grace,Grace_018.mp4,17,17,1.0,0.35294117647058826,0.23529411764705882,1.0,0.35294117647058826,0.23529411764705882
njema__Grace_019,njema,Grace,Grace_019.mp4,23,23,1.0,0.43478260869565216,0.13043478260869565,1.0,0.43478260869565216,0.13043478260869565
njema__Grace_020,njema,Grace,Grace_020.mp4,28,28,1.0,0.5357142857142857,0.25,1.0,0.5357142857142857,0.25
njema__Grace_021,njema,Grace,Grace_021.mp4,24,24,1.0,0.20833333333333334,0.08333333333333333,1.0,0.20833333333333334,0.08333333333333333
njema__Grace_022,njema,Grace,Grace_022.mp4,28,28,1.0,0.39285714285714285,0.17857142857142858,1.0,0.39285714285714285,0.17857142857142858
njema__Grace_023,njema,Grace,Grace_023.mp4,28,28,1.0,0.2857142857142857,0.21428571428571427,1.0,0.2857142857142857,0.21428571428571427
njema__Grace_024,njema,Grace,Grace_024.mp4,29,29,1.0,0.1724137931034483,0.13793103448275862,1.0,0.1724137931034483,0.13793103448275862
njema__Grace_025,njema,Grace,Grace_025.mp4,24,24,1.0,0.5416666666666666,0.25,1.0,0.5416666666666666,0.25
njema__Grace_026,njema,Grace,Grace_026.mp4,26,26,1.0,0.38461538461538464,0.2692307692307692,1.0,0.38461538461538464,0.2692307692307692
njema__Grace_027,njema,Grace,Grace_027.mp4,38,38,1.0,0.39473684210526316,0.18421052631578946,1.0,0.39473684210526316,0.18421052631578946
njema__Grace_028,njema,Grace,Grace_028.mp4,33,33,1.0,0.2727272727272727,0.3939393939393939,1.0,0.3939393939393939,0.2727272727272727
njema__Grace_029,njema,Grace,Grace_029.mp4,42,42,1.0,0.2619047619047619,0.19047619047619047,1.0,0.2619047619047619,0.19047619047619047
njema__Grace_030,njema,Grace,Grace_030.mp4,39,39,1.0,0.38461538461538464,0.1794871794871795,1.0,0.38461538461538464,0.1794871794871795
njema__Grace_031,njema,Grace,Grace_031.mp4,58,58,1.0,0.3103448275862069,0.3620689655172414,1.0,0.3620689655172414,0.3103448275862069
njema__Grace_032,njema,Grace,Grace_032.mp4,29,29,1.0,0.6896551724137931,0.6206896551724138,1.0,0.6896551724137931,0.6206896551724138
njema__Grace_033,njema,Grace,Grace_033.mp4,20,20,1.0,0.35,0.2,1.0,0.35,0.2
njema__Grace_034,njema,Grace,Grace_034.mp4,24,24,1.0,0.2916666666666667,0.5833333333333334,1.0,0.5833333333333334,0.2916666666666667
njema__Grace_035,njema,Grace,Grace_035.mp4,19,19,1.0,0.2631578947368421,0.631578947368421,1.0,0.631578947368421,0.2631578947368421
njema__Grace_036,njema,Grace,Grace_036.mp4,19,19,1.0,0.3684210526315789,0.47368421052631576,1.0,0.47368421052631576,0.3684210526315789
njema__Grace_037,njema,Grace,Grace_037.mp4,21,21,1.0,0.42857142857142855,0.47619047619047616,1.0,0.47619047619047616,0.42857142857142855
njema__Grace_038,njema,Grace,Grace_038.mp4,25,25,1.0,0.6,0.32,1.0,0.6,0.32
njema__Grace_039,njema,Grace,Grace_039.mp4,25,25,1.0,0.52,0.2,1.0,0.52,0.2
njema__Grace_040,njema,Grace,Grace_040.mp4,19,19,1.0,0.7368421052631579,0.3684210526315789,1.0,0.7368421052631579,0.3684210526315789
njema__Grace_041,njema,Grace,Grace_041.mp4,22,22,1.0,0.6363636363636364,0.18181818181818182,1.0,0.6363636363636364,0.18181818181818182
njema__Grace_042,njema,Grace,Grace_042.mp4,23,23,1.0,0.6521739130434783,0.08695652173913043,1.0,0.6521739130434783,0.08695652173913043
njema__Grace_043,njema,Grace,Grace_043.mp4,19,19,1.0,0.42105263157894735,0.10526315789473684,1.0,0.42105263157894735,0.10526315789473684
njema__Grace_044,njema,Grace,Grace_044.mp4,24,24,1.0,0.75,0.5416666666666666,1.0,0.75,0.5416666666666666
njema__Grace_045,njema,Grace,Grace_045.mp4,20,20,1.0,0.4,0.2,1.0,0.4,0.2
njema__Grace_046,njema,Grace,Grace_046.mp4,18,18,1.0,0.6666666666666666,0.1111111111111111,1.0,0.6666666666666666,0.1111111111111111
njema__Grace_047,njema,Grace,Grace_047.mp4,17,17,1.0,0.8823529411764706,0.23529411764705882,1.0,0.8823529411764706,0.23529411764705882
njema__Grace_048,njema,Grace,Grace_048.mp4,24,24,1.0,0.25,0.08333333333333333,1.0,0.25,0.08333333333333333
njema__Grace_049,njema,Grace,Grace_049.mp4,20,20,1.0,0.7,0.2,1.0,0.7,0.2
njema__Grace_050,njema,Grace,Grace_050.mp4,22,22,1.0,0.6363636363636364,0.18181818181818182,1.0,0.6363636363636364,0.18181818181818182
njema__Grace_051,njema,Grace,Grace_051.mp4,25,25,1.0,0.52,0.16,1.0,0.52,0.16
njema__Grace_052,njema,Grace,Grace_052.mp4,20,20,1.0,0.7,0.45,1.0,0.7,0.45
njema__Grace_053,njema,Grace,Grace_053.mp4,29,29,1.0,0.6896551724137931,0.20689655172413793,1.0,0.6896551724137931,0.20689655172413793
njema__Grace_054,njema,Grace,Grace_054.mp4,20,20,1.0,0.75,0.25,1.0,0.75,0.25
njema__Grace_055,njema,Grace,Grace_055.mp4,21,21,1.0,0.6666666666666666,0.42857142857142855,1.0,0.6666666666666666,0.42857142857142855
njema__Grace_056,njema,Grace,Grace_056.mp4,17,17,1.0,0.5294117647058824,0.17647058823529413,1.0,0.5294117647058824,0.17647058823529413
njema__Grace_057,njema,Grace,Grace_057.mp4,16,16,1.0,0.25,0.3125,1.0,0.3125,0.25
njema__Grace_058,njema,Grace,Grace_058.mp4,17,17,1.0,0.29411764705882354,0.29411764705882354,1.0,0.29411764705882354,0.29411764705882354
njema__Grace_059,njema,Grace,Grace_059.mp4,19,19,1.0,0.9473684210526315,0.6842105263157895,1.0,0.9473684210526315,0.6842105263157895
njema__Grace_060,njema,Grace,Grace_060.mp4,17,17,1.0,0.8235294117647058,0.29411764705882354,1.0,0.8235294117647058,0.29411764705882354
